Street_minus_dir,County,State,Latitude,Longitude,Total_Severity_Score,Night_Severity_Score,Night_Accident_Count,Night_SevScore_Ratio
I-70,St. Louis County,MO,38.732767490618535,-90.36147961229167,5122,1640,448,0.32018742678641154
I-5,Lewis,WA,46.5632789800598,-122.92004058319561,1526,534,188,0.34993446920052423
I-95,Bucks,PA,40.08867143633533,-74.93548893788893,3450,1256,411,0.3640579710144928
I-84,Fairfield,CT,41.40948284357403,-73.40336098511125,2918,938,375,0.32145305003427005
I-94,Lake,IN,41.57356385662973,-87.33418449671674,1342,484,152,0.36065573770491804
I-80,Lorain,OH,41.37710752553397,-82.16219896556633,966,242,87,0.2505175983436853
US-101,Santa Barbara,CA,34.47643519667932,-119.77602373640114,9557,3179,1536,0.33263576436120124
I-35,Clarke,IA,41.03813963311825,-93.78987722173677,220,82,31,0.37272727272727274
I-94,Van Buren,MI,42.205853290950216,-85.95372772720472,1814,598,194,0.3296582138919515
I-95,Howard,MD,39.17820417533023,-76.7912143033713,4211,1626,610,0.3861315601994776
I-5,Colusa,CA,39.145307043585085,-122.12225364238473,1063,428,184,0.4026340545625588
CA-99,Stanislaus,CA,37.62110514150442,-120.98964933268523,10365,3444,1654,0.33227206946454413
I-80,San Francisco,CA,37.795611282070375,-122.3811569416501,9406,3602,1258,0.3829470550712311
US-101,San Mateo,CA,37.55985184514111,-122.29454102169535,5427,1726,799,0.31803943246729316
I-35,Hamilton,IA,42.36898582803691,-93.56964690337252,618,310,122,0.5016181229773463
I-84,Dutchess,NY,41.52693727726491,-73.88606217602388,4347,1090,393,0.2507476420519899
I-75,Montgomery,OH,39.74618849356646,-84.20519685302153,11415,2940,986,0.2575558475689882
CA-60,Riverside,CA,33.97472596138052,-117.33270295958563,27257,10028,4684,0.36790549216714974
I-95,Prince George's,MD,39.057783428143814,-76.92197868504039,4576,1846,668,0.4034090909090909
I-5,Orange,CA,33.68573404835412,-117.79291800516961,48838,16318,6428,0.3341250665465416
I-94,Cook,IL,41.82138089133628,-87.65055089955939,11980,5592,1460,0.4667779632721202
I-80,Sandusky,OH,41.39666170895523,-83.0784760671642,438,104,37,0.2374429223744292
I-75,Miami,OH,40.06393962149168,-84.21553744412698,738,250,71,0.33875338753387535
I-75,Otsego,MI,44.98978030957019,-84.68200751282642,132,26,8,0.19696969696969696
I-80,Essex,NJ,40.88828301873807,-74.29337960099923,818,184,73,0.22493887530562348
I-90,Adams,WA,47.14454288870437,-118.40552981537712,178,62,19,0.34831460674157305
I-70,Madison,IL,38.746434726605074,-89.84414068073288,602,218,48,0.36212624584717606
I-5,Sacramento,CA,38.50613112164987,-121.50668986731418,13714,4309,1615,0.3142044625929707
I-75,Hernando,FL,28.516233134661825,-82.24264325852617,836,342,123,0.4090909090909091
I-94,Wayne,MI,42.302897833092224,-83.20490219388996,12030,4349,1350,0.36151288445552787
I-95,Bergen,NJ,40.855956064842495,-73.96988279436266,6360,1976,787,0.31069182389937106
I-95,Fairfax County,VA,38.728513171568395,-77.20565025615745,13760,4176,1520,0.30348837209302326
I-20,Tarrant,TX,32.672564303267535,-97.22620777492122,10766,3488,1189,0.32398290915846184
I-20,Kaufman,TX,32.6928809985603,-96.33126830045138,1616,416,145,0.25742574257425743
I-5,Los Angeles,CA,34.08138024056962,-118.23853048825853,47951,18833,6864,0.392755104168839
I-75,Bartow,GA,34.192947679994,-84.76719906643628,1676,628,169,0.3747016706443914
I-75,Collier,FL,26.219492085675466,-81.61266304644685,3876,1154,401,0.2977296181630547
I-95,Middlesex,MA,42.45499697555123,-71.19528107042274,4882,1079,382,0.22101597705858256
I-35,Guadalupe,TX,29.596680054174133,-98.28497125942259,458,134,51,0.2925764192139738
I-35,Travis,TX,30.285767228276974,-97.72769179240609,23829,7470,2636,0.3134835704393806
I-35,Comal,TX,29.68116654023974,-98.15350035114423,1221,438,138,0.35872235872235875
I-75,Charlotte,FL,26.934534656965784,-82.0093286434734,2270,824,271,0.3629955947136564
I-75,Miami-Dade,FL,25.922009265004203,-80.34723844427982,3039,840,275,0.2764067127344521
I-70,Madison,OH,39.96095554627306,-83.35099982568266,967,378,118,0.390899689762151
I-80,Contra Costa,CA,37.96832806464263,-122.30447367957164,22905,8617,3060,0.376206068543986
I-75,Broward,FL,26.051169108966544,-80.35908662323497,6333,1804,623,0.2848570977419864
I-90,Worcester,MA,42.184032243992604,-71.88136099630314,1867,536,153,0.2870915907873594
I-85,Troup,GA,33.044330041855225,-84.98060410659888,536,226,76,0.4216417910447761
I-35,Franklin,IA,42.77520836745599,-93.39380601016238,184,66,29,0.358695652173913
I-35,Decatur,IA,40.72699743598045,-93.8516569465852,264,106,34,0.4015151515151515
I-90,Schenectady,NY,42.81797301818327,-74.01810786409466,1116,400,161,0.35842293906810035
I-75,Bay,MI,43.68197490298613,-83.98333614707576,440,84,21,0.19090909090909092
I-70,Guernsey,OH,40.01582125000001,-81.50929870833333,400,190,56,0.475
US-101,Santa Clara,CA,37.35170729824003,-121.9326987771334,9396,2912,1384,0.30991911451681564
US-101,Mendocino,CA,39.36614611924361,-123.3458991123105,515,192,91,0.37281553398058254
I-75,Fulton,GA,33.76325580983653,-84.39527644242536,20819,6677,1856,0.3207166530573034
I-70,Effingham,IL,39.11173600607443,-88.55848269825914,404,100,24,0.24752475247524752
I-35,Hill,TX,31.975260787096776,-97.09989418096774,116,12,3,0.10344827586206896
I-75,Henry,GA,33.475008905384634,-84.21611842780143,5035,1792,519,0.3559086395233366
I-85,Fulton,GA,33.7253619682004,-84.41724800935503,3029,1293,474,0.42687355562892043
I-95,Broward,FL,26.123193332842117,-80.15601466459984,60201,20315,7086,0.3374528662314579
I-75,Cobb,GA,33.94946402678172,-84.51096334366214,7097,2211,642,0.3115400873608567
I-94,Kalamazoo,MI,42.25579888879028,-85.5263569289467,3212,1008,335,0.3138231631382316
I-405,Orange,CA,33.71146029490776,-117.93422031568247,29434,8657,3224,0.2941156485696813
I-95,Brevard,FL,28.24377021654343,-80.73604799060097,10534,3365,1192,0.3194418074805392
I-80,LaGrange,IN,41.75127711111111,-85.40846937777779,256,84,29,0.328125
I-80,Dallas,IA,41.55639408823541,-93.93971066516612,1865,670,246,0.35924932975871315
I-75,Oakland,MI,42.71353331390527,-83.37694804827518,218,100,35,0.45871559633027525
I-5,Snohomish,WA,47.94794900904502,-122.22947549701561,13348,5244,1638,0.3928678453700929
I-35,Cerro Gordo,IA,43.09889966297962,-93.34880755990875,176,94,25,0.5340909090909091
I-5,Thurston,WA,47.00640815686998,-122.85706208177555,4178,1548,509,0.3705122067975108
I-75,Monroe,GA,33.04045153502245,-83.91661850019705,1102,296,87,0.26860254083484575
I-75,Crawford,MI,44.66332577526487,-84.70621589231231,148,50,12,0.33783783783783783
I-70,Franklin,OH,39.95676975650671,-83.02542034189132,4972,1388,428,0.27916331456154464
US-101,Sonoma,CA,38.4035161527317,-122.72139446268413,3815,1051,505,0.2754914809960681
I-15,San Bernardino,CA,34.20343673564474,-117.46278343732892,23244,9426,3685,0.4055240061951471
I-75,Bibb,GA,32.8250698455977,-83.68038306466381,1730,482,145,0.2786127167630058
I-75,Roscommon,MI,44.3947382274587,-84.56432833573813,118,20,7,0.1694915254237288
I-75,Shelby,OH,40.34688347991342,-84.17388741696968,726,252,96,0.34710743801652894
I-70,St. Louis City,MO,38.67448049762471,-90.21924068052256,3170,916,235,0.2889589905362776
I-80,St. Joseph,IN,41.7307535652174,-86.27628886956519,214,86,19,0.40186915887850466
I-90,Cook,IL,41.93994455776028,-87.77956257155371,19198,7815,2131,0.4070736535055735
I-5,Glenn,CA,39.613685310324726,-122.20500562114842,1016,384,165,0.3779527559055118
I-70,Frederick,MD,39.45552021823627,-77.50225430458336,4800,1226,482,0.2554166666666667
I-70,Washington,PA,40.13845002397651,-80.20444276294542,2226,792,243,0.3557951482479784
I-95,New London,CT,41.370974743842375,-72.05157836971101,2274,632,197,0.27792436235708
I-90,Hampden,MA,42.16605535893501,-72.60230875919449,704,156,46,0.2215909090909091
I-20,Smith,TX,32.46260164645161,-95.3182364362903,230,36,9,0.1565217391304348
I-75,Lamar,GA,33.17848553963683,-84.04710468010495,164,56,17,0.34146341463414637
I-95,Cecil,MD,39.616174608781506,-75.97637320713834,3739,1306,487,0.3492912543460818
I-75,Clayton,GA,33.60336426125315,-84.37812185238681,2645,1157,316,0.4374291115311909
I-10,Gonzales,TX,29.662748954545453,-97.39506418181817,130,18,4,0.13846153846153847
US-101,Mason,WA,47.16443015789474,-123.09870221052631,60,30,10,0.5
I-20,Morgan,GA,33.56196451200085,-83.47746031986199,278,84,25,0.302158273381295
I-95,Bronx,NY,40.82999184647515,-73.84418487338382,686,316,111,0.4606413994169096
I-70,Montgomery,OH,39.85936621556549,-84.2645839815438,1437,516,173,0.35908141962421714
I-94,Macomb,MI,42.52782551386993,-82.89356949133293,10149,3542,1142,0.34899990146812493
I-10,Riverside,CA,33.847709376763156,-116.32159455464135,3486,1296,413,0.3717728055077453
I-95,Middlesex,CT,41.29172566666668,-72.46161086111111,106,38,10,0.3584905660377358
I-80,Scott,IA,41.601832519089406,-90.58341135747285,1371,444,152,0.3238512035010941
I-70,Baltimore County,MD,39.30629101906921,-76.75711129841359,1720,556,179,0.32325581395348835
I-70,Howard,MD,39.30485934505488,-76.88582911880566,2979,918,306,0.3081570996978852
I-80,LaSalle,IL,41.37017091623038,-88.984705052356,750,174,42,0.232
I-94,Calhoun,MI,42.28591206329362,-85.05995974271936,1768,524,147,0.29638009049773756
I-95,Delaware,PA,39.853981626711054,-75.36498776027307,7828,2790,1037,0.356412876852325
I-20,Aiken,SC,33.62206742714996,-81.80119992689959,4030,1092,393,0.2709677419354839
I-80,Passaic,NJ,40.90111148574259,-74.19150062911686,1502,342,121,0.22769640479360853
I-80,Sacramento,CA,38.654999058096216,-121.40780996098704,17625,5132,1865,0.29117730496453903
I-5,San Diego,CA,32.94908063415421,-117.26020317351046,51868,15055,6144,0.29025603454924037
I-94,Jackson,MI,42.274674636880015,-84.42601113006887,3781,1254,371,0.3316582914572864
I-80,Pottawattamie,IA,41.382545890576516,-95.61713908855941,2601,960,306,0.3690888119953864
I-15,San Diego,CA,33.066495604018975,-117.11440874945727,9711,3061,1051,0.3152095561734116
I-84,Worcester,MA,42.08488626869619,-72.0958457020654,100,40,14,0.4
I-10,Colorado,TX,29.699687464285713,-96.57443207142857,100,10,4,0.1
I-84,Putnam,NY,41.421882305153005,-73.61486618681701,5208,1295,416,0.24865591397849462
I-35,Falls,TX,31.280997615384614,-97.25969584615385,56,4,1,0.07142857142857142
I-405,King,WA,47.57578476430041,-122.19838942135189,19636,6708,2148,0.3416174373599511
I-95,Flagler,FL,29.517739780203083,-81.20484620160379,1728,748,270,0.43287037037037035
I-70,Bedford,PA,40.01468614419582,-78.40883138912527,1706,426,124,0.24970691676436108
I-80,Sarpy,NE,41.148764729683684,-96.16017438713929,1395,327,124,0.23440860215053763
I-80,Iowa,IA,41.69069661629179,-92.05873598371741,750,354,132,0.472
I-94,Lake,IL,42.287838946936795,-87.91012368365483,3753,1263,386,0.3365307753796962
I-95,Essex,MA,42.61974612082736,-70.97751303599182,2211,612,199,0.276797829036635
I-75,Hillsborough,FL,27.92635120782688,-82.35033595037525,16168,5574,1989,0.3447550717466601
I-20,Lexington,SC,33.97729829251805,-81.20400994397495,8264,2248,773,0.27202323330106487
I-10,Caldwell,TX,29.653038807,-97.58511976000003,28,8,1,0.2857142857142857
I-5,Yolo,CA,38.775145702311946,-121.83653457291207,1326,438,171,0.33031674208144796
I-10,Fayette,TX,29.695024549999992,-97.0210091824,94,28,7,0.2978723404255319
I-90,Spokane,WA,47.65371379531715,-117.32671226982255,3157,870,303,0.27557808045612925
I-70,Cumberland,IL,39.25559710546905,-88.15080354741006,144,62,14,0.4305555555555556
I-90,Middlesex,MA,42.317051738877375,-71.36661298120566,3983,744,222,0.1867938739643485
I-95,Palm Beach,FL,26.57006032623406,-80.08987327429779,43636,12455,4455,0.2854294619121826
I-95,St. Lucie,FL,27.36404350492166,-80.41414875757162,3451,1261,454,0.3654013329469719
I-20,Van Zandt,TX,32.59237697173478,-95.90007584517767,124,44,12,0.3548387096774194
I-75,Spalding,GA,33.290203857142856,-84.10977942857143,24,12,3,0.5
I-35,Story,IA,41.99317238117785,-93.56992642652123,1510,524,203,0.34701986754966885
I-15,Riverside,CA,33.85570873394048,-117.47521969339552,18972,6351,2404,0.3347564832384567
US-101,San Francisco,CA,37.76121069139616,-122.41720808164438,904,321,151,0.35508849557522126
US-101,Thurston,WA,47.03492904978862,-122.95016976475759,342,144,63,0.42105263157894735
I-95,Martin,FL,27.084998500287725,-80.2750101072426,3535,1276,487,0.36096181046676096
I-80,Cass,NE,40.99205097453912,-96.34789408734088,224,44,10,0.19642857142857142
I-10,Waller,TX,29.778054912668157,-95.9438224717735,1042,294,80,0.2821497120921305
I-75,Auglaize,OH,40.56949730392157,-84.16302005882353,346,140,49,0.4046242774566474
I-95,Westchester,NY,40.965545106288744,-73.71384917891942,3954,1033,286,0.261254425897825
CA-60,San Bernardino,CA,34.029642302915434,-117.64517403472819,11684,4287,2097,0.3669120164327285
I-75,Marion,FL,29.16767814189765,-82.18536637462833,9567,2167,845,0.2265077871851155
I-75,Gordon,GA,34.51025288884501,-84.92856254625835,646,266,65,0.4117647058823529
I-75,Turner,GA,31.706628157159134,-83.6336007937695,170,82,28,0.4823529411764706
I-90,Columbia,NY,42.40937193633326,-73.51905958685084,1566,604,255,0.38569604086845466
I-95,Harford,MD,39.48530574868517,-76.26642039823587,6699,2275,883,0.3396029258098224
I-80,Cook,IL,41.574729237673864,-87.64246482443629,2950,948,259,0.3213559322033898
I-80,Elkhart,IN,41.73506761384606,-85.87020219320536,236,104,27,0.4406779661016949
I-95,Norfolk,MA,42.160415810611426,-71.20592295590222,4767,1203,383,0.2523599748269352
I-5,Fresno,CA,36.471366216825324,-120.44740632928522,3091,1177,492,0.3807829181494662
I-94,St. Clair,MI,42.87742866746709,-82.56110650885599,884,430,144,0.48642533936651583
I-64,Washington,IL,38.41266394397033,-89.37481288497304,388,126,35,0.3247422680412371
I-10,Fort Bend,TX,29.77742683606558,-95.82921236065573,240,92,24,0.38333333333333336
I-80,Nevada,CA,39.35391741937644,-120.2544663216177,6064,2300,1008,0.379287598944591
I-95,Miami-Dade,FL,25.879721481117247,-80.20097457233825,62586,19933,6749,0.31848975809286423
I-70,St. Charles,MO,38.79466970840341,-90.64856499291751,4750,1264,379,0.26610526315789473
I-95,Fairfield,CT,41.05443278030526,-73.52650061134534,9692,3158,1175,0.3258357408171688
I-70,Westmoreland,PA,40.16360646208692,-79.60178741644908,2274,886,296,0.3896218117854002
I-75,Wood,OH,41.477338306995975,-83.59830125044354,1722,520,140,0.30197444831591175
I-80,Polk,IA,41.649042700846685,-93.61077376279255,3079,830,305,0.2695680415719389
I-20,Dallas,TX,32.66448678519733,-96.83669431421356,18214,5413,1792,0.2971889755133414
I-95,New Castle,DE,39.742758376917074,-75.5623243641673,2814,818,304,0.2906894100923952
I-80,Jasper,IA,41.68839299353164,-93.01752212246139,1474,672,257,0.4559023066485753
I-95,Indian River,FL,27.700382276420513,-80.53302491975529,1534,664,230,0.43285528031290743
I-75,Houston,GA,32.41673430118983,-83.75683678264517,566,264,74,0.4664310954063604
I-80,Poweshiek,IA,41.69595763380628,-92.57464207366574,894,326,126,0.36465324384787473
I-80,Will,IL,41.52255953515717,-88.01166300253331,5702,1615,464,0.2832339529989477
I-5,Pierce,WA,47.19486386918382,-122.46694166142751,19484,7548,2336,0.3873947854649969
I-75,Alachua,FL,29.661894931259397,-82.41516903175764,5912,1864,660,0.3152909336941813
I-35,Polk,IA,41.666154126980935,-93.66800928027232,4985,1644,597,0.3297893681043129
I-95,Philadelphia,PA,39.98720323053846,-75.08515537172563,14650,5235,1978,0.35733788395904437
I-10,San Bernardino,CA,34.06690257181041,-117.44721273085305,69419,24019,9133,0.3460003745372304
I-75,Peach,GA,32.60429875365258,-83.74355283514542,596,180,57,0.30201342281879195
I-80,Henry,IL,41.42934333911404,-90.191760046905,164,82,15,0.5
I-90,Albany,NY,42.702617000592404,-73.8320086498669,8477,2076,750,0.24489795918367346
I-80,Morris,NJ,40.88536603544515,-74.50782003840878,5914,1606,571,0.2715590125126818
I-70,Clark,OH,39.89646776590674,-83.82729404062178,1224,412,137,0.3366013071895425
I-75,Pasco,FL,28.268269549796937,-82.3486503374319,4320,1611,571,0.3729166666666667
US-101,Marin,CA,37.9595976677337,-122.52023555519969,5093,1480,683,0.29059493422344396
I-95,Providence,RI,41.828638533185185,-71.4106797781551,13287,3092,973,0.23270866260254383
I-90,Rensselaer,NY,42.58186751372041,-73.69286692092365,2819,1064,410,0.3774388080879745
I-70,Fulton,PA,39.83456591031382,-78.22672584071162,640,272,101,0.425
I-5,Stanislaus,CA,37.442731262145706,-121.19104508084607,1949,806,347,0.4135454079014879
I-70,Bond,IL,38.8553524296021,-89.44714163276376,212,54,12,0.25471698113207547
I-35,Bexar,TX,29.454685119809188,-98.4536919308756,9798,2942,999,0.3002653602776077
I-5,Cowlitz,WA,46.09986435522836,-122.84798974412733,1808,670,232,0.37057522123893805
I-75,Allen,OH,40.76225129657343,-84.04479731503494,538,114,33,0.21189591078066913
I-80,Alameda,CA,37.82901674847227,-122.30782217695162,11750,4515,1524,0.3842553191489362
I-20,Fulton,GA,33.75078868071462,-84.43079564459516,1754,812,267,0.4629418472063854
I-70,Washington,MD,39.61317386569882,-77.78532367436162,5665,1780,605,0.3142100617828773
I-70,Muskingum,OH,39.95599300423913,-81.96637166836956,698,246,57,0.3524355300859599
I-75,Crisp,GA,31.901958624986612,-83.73412585404945,142,62,15,0.43661971830985913
I-75,Lucas,OH,41.67116330231029,-83.5427271434064,1978,508,150,0.2568250758341759
I-95,Washington,RI,41.503720248585616,-71.7156320060081,412,144,54,0.34951456310679613
CA-60,Los Angeles,CA,34.02088896859638,-117.96882213143743,25913,9273,4491,0.35785127156253616
I-75,Sarasota,FL,27.233369862861075,-82.3882706811279,8561,2369,894,0.2767200093447027
I-35,Warren,IA,41.3422949240186,-93.7808785666717,708,294,109,0.4152542372881356
CA-99,Sacramento,CA,38.481192215958615,-121.43226859757488,21238,6128,2901,0.28853941049063
I-75,Wayne,MI,42.281994893504404,-83.1384588872694,4064,1702,520,0.4187992125984252
I-75,Lee,FL,26.53315604586393,-81.78903983519712,9374,2796,1065,0.2982718156603371
I-95,Baltimore County,MD,39.32927003605643,-76.54099876847091,7133,2416,882,0.3387074162344035
I-75,Saginaw,MI,43.389877097545785,-83.86920324431796,1058,222,70,0.20982986767485823
I-95,Kent,RI,41.7057321479136,-71.47597421453294,4742,972,330,0.20497680303669338
I-80,Centre,PA,40.98027877544119,-77.79900175913833,2120,942,370,0.44433962264150945
I-35,Bell,TX,31.104156287803605,-97.37946417211144,724,164,42,0.2265193370165746
I-5,San Joaquin,CA,37.91011992909364,-121.32356046182598,15669,5381,2047,0.34341693790286554
I-75,Warren,OH,39.513170839464884,-84.301839,965,250,91,0.25906735751295334
US-101,San Benito,CA,36.88663315151515,-121.5632872121212,134,46,23,0.34328358208955223
I-35,Hays,TX,29.953118506443857,-97.8925446275519,2039,685,246,0.3359489946051986
I-90,Grant,WA,47.01933303878549,-119.73342363523618,186,36,13,0.1935483870967742
I-80,Napa,CA,38.16512700430777,-122.2052523168029,630,246,87,0.3904761904761905
I-94,Washtenaw,MI,42.252593081958544,-83.74594003203528,4084,1150,318,0.28158667972575907
I-405,Los Angeles,CA,33.999014229419664,-118.3732407773729,95392,31033,11177,0.3253207816169071
I-70,Fayette,IL,38.9824209423077,-89.0266138076923,222,70,15,0.3153153153153153
I-75,Hancock,OH,41.049301075187984,-83.69839811278196,523,216,48,0.4130019120458891
I-80,Bergen,NJ,40.88505916002618,-74.06711560403538,1624,544,183,0.33497536945812806
US-101,Los Angeles,CA,34.14592553074729,-118.47950589150928,35444,13070,6020,0.368750705337998
I-75,Cherokee,GA,34.079498925090476,-84.64529976575048,120,54,17,0.45
I-35,Williamson,TX,30.571944356218662,-97.68103521556735,3289,1078,388,0.3277591973244147
I-90,Elkhart,IN,41.740589250000006,-85.77389758333332,56,22,5,0.39285714285714285
I-20,Parker,TX,32.73512266048398,-97.71573200759362,1124,354,120,0.31494661921708184
I-20,Erath,TX,32.5082355,-98.4379535,8,2,1,0.25
I-64,St. Clair,IL,38.6040256111111,-90.02602050793648,1856,634,164,0.3415948275862069
I-80,Warren,NJ,40.93219304991309,-74.97160087242077,1728,688,234,0.39814814814814814
I-80,Summit,OH,41.26496734570681,-81.56427862565442,635,130,39,0.2047244094488189
I-85,Gwinnett,GA,33.99248175360281,-84.07670151927364,2008,766,285,0.38147410358565736
I-95,New York,NY,40.84699441068447,-73.93374940122426,4546,1314,541,0.2890453145622525
I-10,Bexar,TX,29.47767581217155,-98.50664527743686,7856,2305,868,0.2934063136456212
I-80,Placer,CA,38.97127220177508,-121.02037900211464,17845,5783,2267,0.32406836648921267
I-35,McLennan,TX,31.54169342010191,-97.13627467228432,736,176,55,0.2391304347826087
I-90,King,WA,47.56622614566732,-122.1482504740379,9032,3176,965,0.3516386182462356
I-80,Bureau,IL,41.381747121951214,-89.42295446341461,312,106,27,0.33974358974358976
I-84,Pike,PA,41.34978041563369,-75.00370470971178,1010,354,100,0.3504950495049505
I-70,Somerset,PA,40.00949758706345,-79.01066683034063,1176,364,138,0.30952380952380953
I-80,Grundy,IL,41.42120565460872,-88.37741851845465,859,264,67,0.3073341094295693
I-95,Baltimore City,MD,39.27587867484646,-76.59448561860599,8870,2374,837,0.2676437429537768
I-20,Palo Pinto,TX,32.5980672962963,-98.13832025925925,82,18,5,0.21951219512195122
I-84,New Haven,CT,41.53609177272179,-73.05738172346162,6740,2756,1000,0.4089020771513353
I-5,Merced,CA,37.059567720647124,-120.96346794861799,1676,720,327,0.4295942720763723
I-10,Los Angeles,CA,34.054924963583346,-118.10305176119456,110451,40887,14469,0.37018225276366895
I-95,Bristol,MA,41.95889868075379,-71.30703660856986,1627,514,164,0.3159188690842041
I-405,Snohomish,WA,47.80374689430137,-122.22501256209428,3438,1098,337,0.3193717277486911
CA-99,San Joaquin,CA,37.94164634066288,-121.21767073540992,10025,3427,1688,0.34184538653366586
I-75,Tift,GA,31.44899401302762,-83.51666066040696,439,154,41,0.35079726651480636
I-10,Harris,TX,29.77996959088917,-95.39852578033354,18264,5612,1786,0.30727113447218574
I-75,Butts,GA,33.24220055102044,-84.08330511925016,462,142,39,0.30735930735930733
I-94,Kenosha,WI,42.58130003508772,-87.95219356140349,171,70,20,0.4093567251461988
I-75,Monroe,MI,41.89745450306737,-83.3867887829596,1048,326,95,0.3110687022900763
I-70,Licking,OH,39.94554130312499,-82.56603962812501,998,366,125,0.3667334669338677
I-90,Berkshire,MA,42.29581251456311,-73.23692696116505,380,100,25,0.2631578947368421
US-101,Monterey,CA,36.38998721920248,-121.31990348607482,814,311,144,0.3820638820638821
I-75,Dooly,GA,32.15551919458364,-83.75531395218076,284,68,25,0.23943661971830985
I-80,Yolo,CA,38.564532924353884,-121.63632101139886,8106,2233,842,0.2754749568221071
I-80,Lake,IN,41.572469515846485,-87.40535450995756,7714,2514,892,0.3259009592947887
I-75,Genesee,MI,43.01195510988467,-83.7300738730952,9830,2924,987,0.29745676500508644
CA-99,Merced,CA,37.34664897158633,-120.60435286456776,5932,2072,1004,0.349291975724882
I-95,Mercer,NJ,40.235331450087514,-74.62402665503741,1338,464,161,0.34678624813153963
I-84,Orange,NY,41.48195998951423,-74.22262069592998,2462,766,248,0.31112916328188467
I-90,Kittitas,WA,47.197712768249104,-121.00389479096197,1596,822,225,0.5150375939849624
I-95,Volusia,FL,29.193969922416787,-81.07799895804737,5702,1900,660,0.3332164152928797
I-90,Suffolk,MA,42.351794710503434,-71.09544038075758,1588,304,92,0.19143576826196473
I-80,Douglas,NE,41.22309145164309,-96.01881555652389,7090,1500,494,0.21156558533145275
I-75,Sumter,FL,28.816959227535605,-82.11211149189937,4756,1159,399,0.24369217830109335
I-80,Adair,IA,41.4944849454851,-94.47373474618524,958,392,154,0.4091858037578288
I-80,Johnson,IA,41.68721679272909,-91.58978578369276,2352,812,278,0.34523809523809523
I-95,Prince William,VA,38.60581784709327,-77.30776843905011,15343,5606,2178,0.36537834843250994
I-70,Fairfield,OH,39.93408431261261,-82.78773736612615,388,120,42,0.30927835051546393
I-94,Berrien,MI,42.026293800282325,-86.47685612798057,3324,1184,373,0.3561973525872443
I-84,Hartford,CT,41.73093727181967,-72.72766298649151,11826,4074,1650,0.34449518011161845
I-5,King,WA,47.54779611835464,-122.30946756686535,38017,14307,4551,0.3763316411079254
I-80,Solano,CA,38.284957922739125,-122.04415258353565,29757,11212,3908,0.3767852942164869
US-101,Ventura,CA,34.20976212139375,-119.02566950338739,8010,2597,1275,0.32421972534332083
I-75,Manatee,FL,27.48995308545269,-82.47808405764279,8269,2661,1027,0.3218043294231467
I-70,St. Clair,IL,38.640883285714274,-90.1505451607143,198,40,10,0.20202020202020202
I-95,New Haven,CT,41.24098482896929,-73.01432445811172,4000,1392,450,0.348
I-90,Erie,NY,42.86390186853322,-78.78299487371221,11721,3644,1425,0.310894974831499
I-20,Lee,SC,34.19615607056701,-80.2766204658127,1414,418,152,0.2956152758132956
I-95,Greensville,VA,36.65832128771667,-77.55062216777897,1278,440,156,0.3442879499217527
I-10,Jefferson,TX,30.005022476876643,-94.19582855389378,360,102,32,0.2833333333333333
I-20,Bossier,LA,32.52322465191726,-93.69237726522098,2192,516,170,0.2354014598540146
I-95,Duval,FL,30.31741506423035,-81.62638426195387,26016,7189,2561,0.276329950799508
I-85,Dinwiddie,VA,37.09366588450768,-77.56947847471298,2348,884,329,0.37649063032367974
I-20,Lincoln,LA,32.54071533069176,-92.61650079928832,86,42,16,0.4883720930232558
I-40,Lonoke,AR,34.80036310842417,-91.88759541814318,1147,334,140,0.2911944202266783
I-40,Sequoyah,OK,35.45363242302613,-94.7930729679561,78,6,2,0.07692307692307693
I-80,Cheyenne,NE,41.16273680086635,-103.08721312085115,100,28,7,0.28
I-70,Saline,MO,38.96419207307268,-93.22975260696943,562,142,61,0.2526690391459075
I-70,Hancock,IN,39.821035314046405,-85.80054091097784,2190,764,251,0.34885844748858447
I-64,Warrick,IN,38.189664203480476,-87.27168655516543,210,38,9,0.18095238095238095
I-10,Pinal,AZ,32.94077852235853,-111.6966863493589,3318,1264,467,0.38095238095238093
I-40,Navajo,AZ,34.971781678925915,-110.32306544771787,811,349,122,0.43033292231812575
I-35,Washington,MN,45.27967318245406,-93.00522383460135,1202,498,208,0.41430948419301167
I-95,Baltimore (City),MD,39.27658194769363,-76.57935904459484,1590,710,265,0.44654088050314467
I-95,Halifax,NC,36.30893776369176,-77.69912777509937,1171,447,144,0.3817250213492741
I-94,Monroe,WI,44.04360613961901,-90.49126176851486,246,112,27,0.45528455284552843
I-10,St. Charles,LA,30.026628699247105,-90.3247598981387,1315,502,161,0.3817490494296578
I-10,Baldwin,AL,30.654264760559354,-87.8444426826115,4229,901,361,0.21305273114211398
I-70,St Louis,MO,38.728652242933165,-90.3461350690674,522,44,18,0.0842911877394636
I-10,Kimble,TX,30.408052945945943,-99.7361972972973,128,28,7,0.21875
I-95,St Johns,FL,29.89876207094015,-81.41302759977634,1076,21,10,0.019516728624535316
I-75,Butler,OH,39.34758477029901,-84.39427262989288,1165,356,136,0.3055793991416309
I-20,Carroll,GA,33.70863659144457,-85.0298604408744,256,110,39,0.4296875
I-40,Henderson,TN,35.78701078908971,-88.37986549370478,192,56,19,0.2916666666666667
I-90,Montgomery,NY,42.92387451063201,-74.38427763303841,2012,800,346,0.3976143141153082
I-75,Anderson,TN,36.17946012574207,-84.0968389490255,570,180,66,0.3157894736842105
I-35,Johnson,KS,38.955615360867974,-94.7426177335348,8561,2378,1013,0.2777712884008878
I-10,Acadia,LA,30.24269470493516,-92.32311584217162,809,186,63,0.22991347342398022
I-35,Denton,TX,33.27923934830284,-97.17676854777567,1130,322,114,0.2849557522123894
I-10,Jefferson Davis,LA,30.24665302086273,-92.80190577625585,564,222,79,0.39361702127659576
I-65,Bartholomew,IN,39.202007779819745,-85.9520585065978,1086,382,126,0.35174953959484345
I-5,Clackamas,OR,45.32343182329508,-122.76466218201483,2229,714,294,0.3203230148048452
I-95,Cumberland,ME,43.734716660583956,-70.34090770072993,652,164,70,0.25153374233128833
I-5,Marion,OR,44.990414336338425,-122.96015644933563,8929,3371,1531,0.37753387837383806
I-84,Lackawanna,PA,41.39409680765339,-75.5391237838068,336,142,51,0.4226190476190476
I-80,Deuel,NE,41.04516808318155,-102.19090565326695,112,52,16,0.4642857142857143
I-85,Jackson,GA,34.1596741156876,-83.64621626548347,444,172,71,0.38738738738738737
I-84,Wayne,PA,41.35511993183754,-75.38698184095652,270,98,41,0.362962962962963
I-70,Baltimore,MD,39.30593875557576,-76.75790174166846,262,102,38,0.3893129770992366
I-10,Madison,FL,30.411506325999238,-83.45496300222884,672,232,79,0.34523809523809523
I-90,Lake,IN,41.619761647058816,-87.3931566,328,158,42,0.4817073170731707
I-85,Cherokee,SC,35.104074566177935,-81.63764426898219,8277,2354,865,0.28440256131448594
I-65,Lake,IN,41.460293957743644,-87.3137324545077,4872,1572,557,0.3226600985221675
I-10,Kendall,TX,29.80933279098356,-98.75033300154332,120,38,12,0.31666666666666665
I-10,St. Tammany,LA,30.26101873493626,-89.75135084425276,536,160,58,0.29850746268656714
I-10,East Baton Rouge,LA,30.418078370413504,-91.13812558850869,16756,4062,1533,0.24242062544760085
I-95,McIntosh,GA,31.49239600137737,-81.43766080536896,186,82,26,0.44086021505376344
I-64,Harrison,IN,38.259027878756775,-86.03819685206813,286,46,9,0.16083916083916083
I-80,Jefferson,PA,41.1650636036596,-79.02937500175278,964,374,146,0.3879668049792531
I-20,Douglas,GA,33.75129656779797,-84.71400668580469,462,230,74,0.49783549783549785
I-80,Tooele,UT,40.726295209613475,-112.76958125643024,3310,1435,621,0.4335347432024169
I-64,Richmond (City),VA,37.559546420903864,-77.43227220545184,466,114,46,0.2446351931330472
I-80,Portage,OH,41.24867096598639,-81.26217029251697,494,134,40,0.27125506072874495
I-35,Rice,MN,44.37923779756292,-93.29191364537911,3750,1736,816,0.4629333333333333
I-20,Lauderdale,MS,32.36140795465381,-88.71314234300405,283,90,29,0.31802120141342755
I-10,Columbia,FL,30.25393772036577,-82.67886120671227,395,144,52,0.36455696202531646
I-90,St. Joseph,IN,41.72901293333334,-86.2307992,90,50,8,0.5555555555555556
I-75,Scott,KY,38.28643925300908,-84.55281450281078,136,22,7,0.16176470588235295
I-65,Jefferson,KY,38.20110549548434,-85.73228286703608,1514,416,117,0.2747688243064729
I-85,Meriwether,GA,33.20609920088424,-84.83102320272734,66,30,12,0.45454545454545453
I-85,Dekalb,GA,33.85815250591306,-84.29782428582217,980,468,168,0.4775510204081633
I-90,Faribault,MN,43.658868838353236,-93.98444401707187,846,518,235,0.6122931442080378
I-70,Belmont,OH,40.06674057657665,-80.96589071112649,460,142,40,0.30869565217391304
I-15,Clark,NV,36.432602900194304,-114.74997657717728,1599,523,205,0.32707942464040024
I-40,Wilson,TN,36.1800353154422,-86.37713847223368,1481,524,174,0.3538149898717083
I-70,Ellsworth,KS,38.849128625000006,-98.34686637499999,26,14,4,0.5384615384615384
I-95,Richmond City,VA,37.53293286591782,-77.43459201764891,9809,2888,1039,0.29442348863288814
I-85,Cleveland,NC,35.186703520876094,-81.40109360441907,337,108,38,0.32047477744807124
I-70,Denver,CO,39.778855126294395,-104.92662101423666,9816,2658,805,0.2707823960880196
I-15,Millard,UT,38.89166757512083,-112.41493828946291,2177,778,333,0.3573725310059715
I-70,Garfield,CO,39.557767166145794,-107.43563668533679,3654,1296,438,0.35467980295566504
I-75,Suwannee,FL,30.31918454246434,-82.80895650745579,372,150,50,0.4032258064516129
I-75,Lowndes,GA,30.800039477986648,-83.2980873991952,538,228,64,0.42379182156133827
I-80,Cedar,IA,41.65294401539709,-91.19075146787384,838,342,126,0.4081145584725537
I-84,Capitol,CT,41.72681254769025,-72.70834910391527,2152,862,374,0.40055762081784385
I-80,Wood,OH,41.528323538461535,-83.47138063076925,217,63,19,0.2903225806451613
I-84,Wasco,OR,45.65068773229175,-121.1944807297039,3428,1502,712,0.4381563593932322
I-95,Cumberland,NC,35.130168075286846,-78.73872705093618,3609,1322,491,0.3663064560820172
I-40,Roane,TN,35.888086851424546,-84.53146585880243,1444,434,164,0.30055401662049863
I-5,Whatcom,WA,48.78809994226689,-122.50824787170237,3370,1286,406,0.38160237388724033
I-70,Thomas,KS,39.299338636363636,-101.01762200000002,48,20,4,0.4166666666666667
I-75,Chippewa,MI,46.32777615408698,-84.46912023283599,74,30,9,0.40540540540540543
I-80,Washoe,NV,39.53118281916519,-119.79384490965556,6629,2087,810,0.31482878262181324
I-94,Hennepin,MN,45.04316987196324,-93.3510146993535,19587,6960,2914,0.35533772400061264
I-5,Skagit,WA,48.45573319132555,-122.33954119777194,1848,618,184,0.3344155844155844
I-94,Milwaukee,WI,43.01579241112348,-87.97323229331332,6529,1590,543,0.24352887119007505
I-20,Madison,LA,32.349993651335694,-91.06169237081043,156,56,22,0.358974358974359
I-40,Davidson,TN,36.146002227781274,-86.765492160106,21944,6029,2262,0.2747448049580751
I-95,Hanover,VA,37.77127279150524,-77.45471317379375,6055,1551,635,0.2561519405450041
I-10,Holmes,FL,30.744809300455337,-85.78266608712846,312,106,45,0.33974358974358976
I-80,Sweetwater,WY,41.64363954094836,-108.59563450792814,2216,1080,423,0.48736462093862815
I-85,Anderson,SC,34.64104557881225,-82.62830444109994,5469,1532,566,0.2801243371731578
I-20,Kershaw,SC,34.18093158796899,-80.67038012695792,3011,901,325,0.2992361341746928
I-20,Calhoun,AL,33.61236552223904,-85.76790706942056,662,188,57,0.283987915407855
I-40,Pope,AR,35.27220129295976,-93.03979696518023,534,196,66,0.36704119850187267
I-20,Scott,MS,32.318572477886,-89.56030989975206,148,40,14,0.2702702702702703
I-65,Williamson,TN,35.935734594464016,-86.81348237482459,3104,926,333,0.29832474226804123
I-10,St. Martin,LA,30.322142620059882,-91.80477616896749,1872,586,167,0.31303418803418803
I-64,Putnam,WV,38.44756725893945,-81.89777900120862,1410,478,218,0.33900709219858155
I-40,Pottawatomie,OK,35.38353123809524,-96.93890738095239,156,56,14,0.358974358974359
I-85,Spartanburg,SC,34.952555564615444,-82.04298313446152,17124,4418,1588,0.2580004671805653
I-80,Monroe,PA,41.02133170029352,-75.28586890250436,2614,760,267,0.2907421576128539
CA-99,Madera,CA,37.00380203257771,-120.1122086217125,3297,1242,619,0.37670609645131936
I-20,Rockdale,GA,33.65690274962978,-84.01547623759802,342,272,87,0.7953216374269005
I-40,Mohave,AZ,35.06977835399778,-113.90957291599558,2281,754,280,0.3305567733450241
I-64,New Kent,VA,37.49707197901136,-77.05177741567775,4197,1098,427,0.26161543959971406
I-10,Culberson,TX,31.055117761806166,-104.5188150737803,204,74,16,0.3627450980392157
I-90,Rock,WI,42.767459137931034,-89.01370562068963,92,20,5,0.21739130434782608
I-10,St John the Baptist,LA,30.095846660730746,-90.47732856689167,184,0,0,0.0
I-10,Harrison,MS,30.428693234257565,-89.11101183589592,1114,236,81,0.2118491921005386
I-20,Ouachita,LA,32.50128983674541,-92.13501685213248,622,200,63,0.3215434083601286
I-80,Humboldt,NV,40.902988271496085,-117.47425654527453,520,184,68,0.35384615384615387
I-35,Webb,TX,27.736434827096772,-99.44642785935483,118,22,5,0.1864406779661017
I-95,Hampton,SC,32.696477873973485,-80.871450104991,802,176,70,0.2194513715710723
I-70,Ohio,WV,40.06266481433192,-80.63623317554327,922,260,116,0.28199566160520606
I-10,West Baton Rouge,LA,30.443580711425643,-91.23260687943984,4318,862,313,0.1996294580824456
I-10,Jackson,MS,30.4462753209165,-88.60656290947843,1610,372,134,0.231055900621118
I-94,Columbia,WI,43.39350074285715,-89.47269848571429,132,48,9,0.36363636363636365
I-65,Giles,TN,35.11501920665541,-86.87929600100749,318,70,23,0.22012578616352202
I-20,Taliaferro,GA,33.52789966489299,-82.90599705229926,84,6,3,0.07142857142857142
I-85,Chambers,AL,32.79308595288288,-85.23825689004966,288,80,27,0.2777777777777778
I-75,Arenac,MI,43.989868085645156,-84.0348654032044,116,24,5,0.20689655172413793
I-10,Escambia,FL,30.51631721022328,-87.267086985876,858,186,73,0.21678321678321677
I-84,Malheur,OR,44.16055912014686,-117.09746820098631,2712,1502,652,0.553834808259587
I-90,Juneau,WI,43.792002893089844,-90.03066389159216,464,160,50,0.3448275862068966
US-101,Humboldt,CA,40.73792353266924,-124.03864877380757,1074,461,227,0.4292364990689013
I-10,Santa Rosa,FL,30.587833616787872,-87.00243309866927,791,278,110,0.35145385587863465
I-70,Wyandotte,KS,39.10219776172481,-94.71307053456916,4103,1478,529,0.3602242261759688
I-35,McClain,OK,35.08408952941178,-97.42730144705882,362,106,23,0.292817679558011
I-95,Emporia,VA,36.70191791269841,-77.54985558730158,404,156,48,0.38613861386138615
I-75,Bradley,TN,35.193644603245026,-84.90933456848455,2507,734,266,0.2927802153968887
I-40,Shelby,TN,35.18376640970977,-89.89297357372061,10006,3168,1129,0.31661003397961224
I-65,Johnson,IN,39.53850628099852,-86.03485510522422,1332,436,163,0.32732732732732733
I-40,Putnam,TN,36.13309953782127,-85.50117882030767,1809,479,185,0.26478717523493644
I-95,Kennebec,ME,44.406641500000006,-69.74286535975612,386,66,27,0.17098445595854922
I-84,Weber,UT,41.18658148691954,-111.97114835424054,981,270,114,0.27522935779816515
I-95,Colonial Heights,VA,37.256683907173,-77.39555911814348,1288,418,161,0.3245341614906832
I-70,Morgan,IN,39.590186459400755,-86.56097971671139,454,242,87,0.5330396475770925
I-75,Madison,KY,37.77808236380094,-84.32503623493353,282,92,25,0.3262411347517731
I-10,Hidalgo,NM,32.300883658776286,-108.80384911866147,186,48,17,0.25806451612903225
I-90,Nobles,MN,43.63813296597149,-95.74764246905288,1473,840,403,0.570264765784114
I-70,Arapahoe,CO,39.71710580443869,-104.40977815940695,928,370,99,0.39870689655172414
I-40,Guadalupe,NM,35.00673589932763,-104.60104928889696,226,82,33,0.36283185840707965
I-90,Onondaga,NY,43.09907991020771,-76.2235287711995,1902,684,275,0.35962145110410093
I-90,Steuben,IN,41.7191015882353,-84.97680541176472,90,30,5,0.3333333333333333
CA-99,Butte,CA,39.72638079787155,-121.81272848690902,1743,546,261,0.3132530120481928
I-64,Hampton,VA,37.03912825993779,-76.37466897507203,4851,1574,587,0.32446918161203875
I-80,La Salle,IL,41.37296651538362,-88.86111940966154,95,19,8,0.2
I-95,Johnston,NC,35.478727353592205,-78.35185704558714,2153,635,214,0.29493729679516956
I-84,Western Connecticut,CT,41.41444570502272,-73.38449584575089,440,178,82,0.40454545454545454
I-20,St. Clair,AL,33.58493582598723,-86.39655414203409,1025,389,123,0.3795121951219512
I-80,Lucas,OH,41.59358463043479,-83.71083456521741,166,40,11,0.24096385542168675
I-65,Autauga,AL,32.5975375659012,-86.47508515869481,1044,232,78,0.2222222222222222
I-65,Boone,IN,40.03633553216279,-86.44730969609309,2903,985,299,0.3393041681019635
I-95,Nassau,FL,30.65525332637087,-81.65831447151605,1333,538,203,0.4036009002250563
I-5,Kern,CA,35.34480627756876,-119.33729652014924,4481,1823,789,0.4068288328498103
I-85,Guilford,NC,36.0017063162821,-79.78362104950168,1501,437,170,0.2911392405063291
I-15,Iron,UT,37.7376689665996,-113.0078418461202,2718,886,362,0.3259749816041207
I-64,Franklin,KY,38.158293528345425,-84.90260565589276,133,16,4,0.12030075187969924
I-65,Montgomery,AL,32.31357359341867,-86.34379212618224,1213,278,104,0.2291838417147568
I-94,Waukesha,WI,43.04044380029021,-88.22193147074677,4781,1178,394,0.24639196820748796
I-80,Kimball,NE,41.19968200565543,-103.81759497638295,174,100,26,0.5747126436781609
I-40,Caddo,OK,35.530964999999995,-98.45547318181819,54,28,7,0.5185185185185185
I-64,St Clair,IL,38.6121509020664,-90.08233340293049,414,14,4,0.033816425120772944
I-75,Columbia,FL,30.12173520785243,-82.66427922085362,3503,1311,461,0.3742506423065943
I-65,White,IN,40.64851114754031,-87.0189898225109,552,340,120,0.6159420289855072
I-64,Carter,KY,38.33188472315344,-83.08267299457565,90,42,12,0.4666666666666667
I-20,Webster,LA,32.5825052399068,-93.31606466010301,194,76,15,0.3917525773195876
I-65,Butler,AL,31.757971559515486,-86.70471937390333,1488,342,109,0.22983870967741934
I-85,Brunswick,VA,36.86090936959856,-77.87476445209924,1464,636,243,0.4344262295081967
I-95,Baltimore,MD,39.34260447097973,-76.51927920115462,1056,432,186,0.4090909090909091
I-10,Jeff Davis,TX,31.06985509814815,-104.13389962888888,62,22,11,0.3548387096774194
I-35,Scott,MN,44.57868804607659,-93.29818373436107,1324,568,234,0.42900302114803623
I-20,Columbia,GA,33.48827512910086,-82.23045283484872,214,90,32,0.4205607476635514
I-40,Conway,AR,35.18178674122914,-92.70706670423196,648,132,50,0.2037037037037037
I-70,Clark,IL,39.40794929090909,-87.69154014545452,238,76,14,0.31932773109243695
I-95,Henrico,VA,37.63675649626339,-77.45021802932789,3775,1276,468,0.3380132450331126
I-95,Robeson,NC,34.72596573805044,-79.03715694067965,2658,720,229,0.2708803611738149
I-85,Barrow,GA,34.096498513196096,-83.81306160016372,40,10,5,0.25
I-10,Iberville,LA,30.391159663783068,-91.54083573973574,1760,522,165,0.29659090909090907
I-90,Jackson,MN,43.64055058689478,-95.14650885225386,1010,552,262,0.5465346534653466
I-80,Columbia,PA,41.01989610919604,-76.37556815896208,1272,386,139,0.30345911949685533
I-80,Williams,OH,41.6227276467337,-84.6761448986142,448,118,31,0.26339285714285715
I-64,Louisa,VA,37.913472354446924,-78.09464552697794,1474,488,184,0.3310719131614654
I-40,Orange,NC,36.02125288343998,-79.10684209087678,1471,425,164,0.28891910265125764
I-40,Haywood,TN,35.51648883847891,-89.2211995209433,325,110,44,0.3384615384615385
I-80,Clearfield,PA,41.065196416766106,-78.45668804191843,4204,1800,699,0.42816365366317793
I-10,Walton,FL,30.720796816610182,-86.22891289489165,642,190,75,0.29595015576323985
I-90,Freeborn,MN,43.6724121999408,-93.33291318702794,1112,558,255,0.5017985611510791
I-15,Beaver,UT,38.390853686476895,-112.6348767996189,1272,510,223,0.4009433962264151
I-85,Greenville,SC,34.83221162788475,-82.3090891306708,16093,3478,1251,0.21611880942024483
I-95,Colonial Heights (City),VA,37.25298417891593,-77.39606563793252,246,72,34,0.2926829268292683
I-70,Clay,IN,39.45489718472418,-87.1285713519592,426,158,59,0.37089201877934275
I-20,Greene,GA,33.5463615559749,-83.13886876708486,134,38,12,0.2835820895522388
I-10,Do√±a Ana,NM,32.21738318204094,-106.84030884262489,186,64,19,0.34408602150537637
I-40,San Bernardino,CA,34.77649579584429,-114.70732716213914,594,200,85,0.3367003367003367
I-95,Dorchester,SC,33.208788442546,-80.59857769986097,1848,426,143,0.2305194805194805
I-80,Keith,NE,41.099455731815624,-101.72663583428881,254,34,11,0.13385826771653545
I-20,Cleburne,AL,33.63647876727228,-85.52680018260149,909,301,112,0.3311331133113311
I-70,St Clair,IL,38.644093991406855,-90.1443371196653,64,0,0,0.0
I-95,Dillon,SC,34.37432467737361,-79.48960941237553,3047,929,336,0.3048900557925829
I-85,Gaston,NC,35.26652994533945,-81.1228548790821,2961,832,299,0.28098615332657884
I-40,Sampson,NC,35.1737755305843,-78.27030616578472,288,114,37,0.3958333333333333
I-64,Clinton,IL,38.50245012133277,-89.62319485472106,58,22,5,0.3793103448275862
I-20,Cobb,GA,33.77351490671064,-84.56186557971448,303,112,36,0.3696369636963696
I-20,Darlington,SC,34.20462113909226,-80.00581108721641,520,220,91,0.4230769230769231
I-10,Grant,NM,32.22620451362652,-108.44046289984773,114,42,18,0.3684210526315789
I-40,Johnston,NC,35.55920325926659,-78.55818238195017,1851,618,235,0.3338735818476499
I-95,Colleton,SC,32.91076540650288,-80.72249429449793,5940,1240,435,0.20875420875420875
I-80,Rock Island,IL,41.569303,-90.3587861111111,146,18,4,0.1232876712328767
I-20,Sumter,AL,32.56966339796484,-88.26578542297086,634,236,75,0.3722397476340694
I-70,Warren,MO,38.82653585814957,-91.09633548037841,553,111,41,0.2007233273056058
I-75,Campbell,TN,36.38936158982363,-84.2189176210885,1734,530,193,0.30565167243367936
I-35,St. Louis,MN,46.74987637409361,-92.16422951791013,2146,840,384,0.391425908667288
I-95,Sussex,VA,36.86947313313975,-77.4253649773646,1482,576,218,0.38866396761133604
I-35,Anoka,MN,45.24465815477474,-93.02548247827754,1432,554,226,0.38687150837988826
I-10,Jefferson,LA,30.00265381339044,-90.19784700850997,4496,1410,486,0.3136120996441281
I-80,Lander,NV,40.650063156135765,-116.85567144993891,238,114,40,0.4789915966386555
I-10,La Paz,AZ,33.62481892900186,-113.99009395826879,1835,866,313,0.4719346049046321
I-20,Greene,AL,32.92045402752958,-87.86957130299618,608,224,84,0.3684210526315789
I-90,Ashtabula,OH,41.83267117945055,-80.76797275637361,322,118,31,0.36645962732919257
I-65,Escambia,AL,31.13427917681327,-87.43601135624755,485,190,65,0.3917525773195876
I-75,Grant,KY,38.72132184426217,-84.59989468428334,142,60,16,0.4225352112676056
I-40,Canadian,OK,35.4786144990649,-97.78755961604665,728,203,66,0.27884615384615385
I-65,Maury,TN,35.610380894721985,-86.89286158437527,338,106,33,0.3136094674556213
I-75,Ogemaw,MI,44.249206030804785,-84.2436755094831,114,18,4,0.15789473684210525
I-95,Caroline,VA,37.97956378852427,-77.48493069824939,3120,1052,431,0.3371794871794872
I-80,Eureka,NV,40.659828826439714,-116.31738250314834,626,188,69,0.3003194888178914
I-65,Larue,KY,37.45551284477624,-85.88302108984064,30,10,3,0.3333333333333333
I-20,Jefferson,AL,33.51246290454478,-86.80998006832313,8725,2530,873,0.28997134670487107
I-20,Caddo,LA,32.48077683419313,-93.80205824953458,4184,1126,426,0.2691204588910134
I-40,Cocke,TN,35.86549785573539,-83.17516122293333,854,308,114,0.36065573770491804
I-35,Chisago,MN,45.490092251582674,-92.99485234154209,4035,1886,821,0.46741016109045846
I-94,Laporte,IN,41.68683801092447,-86.84456904264954,120,18,9,0.15
I-95,York,ME,43.34543965695794,-70.5784451326861,759,225,93,0.2964426877470356
I-75,Laurel,KY,37.162955221497896,-84.14408291894344,212,90,21,0.42452830188679247
I-90,Erie,OH,41.33398477777777,-82.4213748888889,24,2,1,0.08333333333333333
I-95,Sumter,SC,33.97235261829408,-80.03719154064078,796,288,102,0.36180904522613067
I-90,Winona,MN,43.929174980304275,-91.67723826343371,2057,1122,531,0.5454545454545454
I-80,Mercer,PA,41.1915222458028,-80.26571949797776,1250,740,201,0.592
I-70,Preble,OH,39.83358352522265,-84.67672002693122,398,134,35,0.33668341708542715
I-40,Deaf Smith,TX,35.1814,-103.0309025,8,0,0,0.0
I-70,Vigo,IN,39.43750680881368,-87.373894109067,806,218,64,0.2704714640198511
I-10,Cochise,AZ,32.242231374221774,-109.64838619455179,850,362,126,0.4258823529411765
I-90,Lake,OH,41.648890935231485,-81.3266678599074,708,162,49,0.2288135593220339
I-85,Vance,NC,36.36373365630838,-78.38694866231833,649,291,79,0.44838212634822805
I-10,St Charles,LA,30.02118593488087,-90.3174597009611,168,0,0,0.0
I-80,Clarion,PA,41.185047910627794,-79.44623597414623,1284,498,185,0.3878504672897196
I-40,Davie,NC,35.9560750913431,-80.53580209892117,971,223,72,0.22966014418125644
I-64,Waynesboro (City),VA,38.05358753661692,-78.92244300993846,124,36,14,0.2903225806451613
I-95,Petersburg (City),VA,37.217081546950844,-77.38424715833403,368,134,56,0.3641304347826087
I-64,Alleghany,VA,37.8001790098743,-79.90704423057878,672,192,68,0.2857142857142857
I-84,Sherman,OR,45.681706957630894,-120.78596072173201,906,422,202,0.46578366445916114
I-95,Stafford,VA,38.421891103308205,-77.43180796542066,11370,3594,1445,0.31609498680738785
I-65,Bullitt,KY,37.965895321295335,-85.70222168292327,786,220,78,0.27989821882951654
I-40,Carson,TX,35.21039673333333,-101.29919953333334,48,24,9,0.5
I-94,LaPorte,IN,41.681269856,-86.84138835200001,430,138,45,0.3209302325581395
I-40,New Hanover,NC,34.328202630763826,-77.87746178257754,305,38,11,0.12459016393442623
I-20,Dekalb,GA,33.71300884989617,-84.22542178156597,1332,688,239,0.5165165165165165
I-40,Franklin,AR,35.51887057336472,-93.85790585772743,278,112,39,0.4028776978417266
I-40,Knox,TN,35.9510200842104,-83.9902528453612,8134,2384,875,0.2930907302680108
I-90,Sandusky,OH,41.386158666666674,-83.03289238095238,56,8,3,0.14285714285714285
I-85,Randolph,NC,35.881417761746576,-79.99913664647096,438,143,46,0.3264840182648402
I-90,Chautauqua,NY,42.422854978180396,-79.39401674427322,2561,1094,441,0.4271768840296759
I-5,Multnomah,OR,45.530307241760596,-122.6798243444508,14465,4472,1904,0.3091600414794331
I-65,Chilton,AL,32.87063432862129,-86.61967589658707,4306,1210,443,0.2810032512772875
I-75,Knox,TN,35.98866981413822,-84.01548793860456,3014,744,247,0.2468480424684804
I-80,Erie,OH,41.33292304761905,-82.67007894047619,866,186,58,0.21478060046189376
I-65,Barren,KY,37.12785923900925,-85.99632565428692,32,8,3,0.25
I-10,Jefferson,FL,30.473559376166776,-83.90788724823594,386,150,63,0.38860103626943004
I-5,Linn,OR,44.53081305231029,-123.0600027642016,4254,1548,705,0.3638928067700987
I-85,Macon,AL,32.4370898916062,-85.83913710215873,2018,624,199,0.30921704658077304
I-70,Summit,CO,39.5819865209439,-106.0975842016619,2608,998,344,0.38266871165644173
I-85,Alamance,NC,36.06621728963065,-79.40096734458108,428,108,34,0.2523364485981308
I-84,Umatilla,OR,45.60509311986881,-118.67113185408844,10500,5368,2493,0.5112380952380953
I-95,Glynn,GA,31.2213382765672,-81.5239789891831,234,102,37,0.4358974358974359
I-80,Union,PA,41.05885452464068,-76.98303726804141,646,348,104,0.5386996904024768
I-10,St. John the Baptist,LA,30.095917490090834,-90.47304212233975,1176,288,78,0.24489795918367346
I-94,Jefferson,WI,43.08438901490855,-88.73305648282937,698,192,66,0.27507163323782235
I-95,St Lucie,FL,27.346535365679205,-80.41105734382607,535,112,51,0.20934579439252338
I-20,Warren,MS,32.346313505699484,-90.77807264711177,702,228,75,0.3247863247863248
I-65,Hardin,KY,37.686540048937076,-85.82223279951656,386,116,34,0.3005181347150259
I-70,Boone,MO,38.96657324306995,-92.37156463551807,1020,160,62,0.1568627450980392
I-95,Harnett,NC,35.28892823763306,-78.60142871432585,1904,629,222,0.33035714285714285
I-40,Durham,NC,35.90407332995321,-78.90851532121556,4148,877,331,0.211427193828351
I-20,Nolan,TX,32.45507246585585,-100.4406055290651,222,102,25,0.4594594594594595
I-84,Northeastern Connecticut,CT,42.02386295358766,-72.14449481237286,20,2,1,0.1
I-70,St Louis (City),MO,38.67327476156054,-90.22172473674217,266,0,0,0.0
I-65,Jasper,IN,40.959418231627176,-87.21925447018633,1829,849,281,0.4641880809185347
I-35,Wright,IA,42.57809851620953,-93.54207823465953,62,28,10,0.45161290322580644
I-90,Genesee,NY,43.01552979955834,-78.21754387748047,3080,1141,466,0.3704545454545455
I-10,Gadsden,FL,30.557234874100033,-84.63714028305199,863,240,104,0.27809965237543455
I-65,Tippecanoe,IN,40.42993165501968,-86.82515735703959,1022,446,143,0.436399217221135
I-70,Sevier,UT,38.75567293870324,-111.87141600928172,2470,1122,517,0.454251012145749
I-35,Worth,IA,43.37469957841915,-93.34975329843333,118,50,22,0.423728813559322
I-85,Cabarrus,NC,35.42538074484926,-80.6527312320243,2477,841,288,0.3395236172789665
I-84,Davis,UT,41.14040046093945,-111.9050648656912,255,84,40,0.32941176470588235
I-90,Sauk,WI,43.58245175753017,-89.7592196485776,474,134,48,0.28270042194092826
I-15,Salt Lake,UT,40.631778982987974,-111.90274682820129,29171,7695,3141,0.2637893798635631
I-64,Floyd,IN,38.29132798527481,-85.87593682004798,1028,321,113,0.3122568093385214
CA-99,Fresno,CA,36.68619631742693,-119.75025221814539,9366,3016,1449,0.32201580183642964
I-80,Dawson,NE,40.79315566007243,-99.84193594933421,200,80,28,0.4
I-85,Granville,NC,36.18133043441356,-78.68767487687113,722,244,90,0.3379501385041551
I-90,Fulton,OH,41.592619555555544,-84.18527385185186,71,18,7,0.2535211267605634
I-75,Whitley,KY,36.78356084343658,-84.15060636822017,188,60,18,0.3191489361702128
I-10,Okaloosa,FL,30.712830994408645,-86.64205016587096,839,284,104,0.33849821215733017
I-64,Jefferson,IL,38.32401890163934,-88.9425641147541,250,94,24,0.376
I-95,Burlington,NJ,40.126823333333334,-74.69640281481479,212,88,35,0.41509433962264153
I-75,Hamilton,FL,30.489284378925994,-82.99824943912134,2143,786,274,0.3667755482967802
I-20,Callahan,TX,32.40476103448276,-99.41020575862069,118,36,9,0.3050847457627119
I-65,Limestone,AL,34.6854241363737,-86.91319542302962,1054,226,67,0.2144212523719165
I-80,Cuyahoga,OH,41.3317272366013,-81.80929790405231,515,112,37,0.2174757281553398
I-64,St. Louis City,MO,38.63101570229007,-90.26240163358777,1263,322,100,0.25494853523357086
I-80,Lyon,NV,39.63086946473869,-119.22357470925903,208,98,38,0.47115384615384615
I-15,Box Elder,UT,41.58641757240226,-112.09966096274263,2529,1056,445,0.41755634638196915
I-64,Rockbridge,VA,37.87303024883663,-79.34008462945326,1819,648,260,0.3562396921385377
I-80,Mahoning,OH,41.12064965714286,-80.7867481,254,116,30,0.4566929133858268
I-80,Albany,WY,41.27700257744686,-105.57769680655315,1118,634,211,0.5670840787119857
I-70,Kit Carson,CO,39.29885841626656,-102.49906146349585,498,160,61,0.321285140562249
I-20,Eastland,TX,32.381441244533335,-98.91334668013334,232,112,34,0.4827586206896552
I-70,Hendricks,IN,39.64974324260855,-86.40624914244341,1848,578,190,0.31277056277056275
I-70,Adams,CO,39.75822154212853,-104.72935283011346,1941,608,194,0.3132405976300876
I-20,Newton,GA,33.6116933732649,-83.80524562318101,268,138,42,0.5149253731343284
I-64,Chesapeake,VA,36.77013321601175,-76.30193948689583,4934,1430,514,0.2898256992298338
I-20,Hinds,MS,32.295947952817166,-90.2654147640731,2431,626,230,0.2575071986836693
I-35,Steele,MN,44.02775720682532,-93.25859759222318,2281,1300,609,0.5699254712845243
I-70,Henry,IN,39.846832923356914,-85.45155007419513,1392,410,124,0.29454022988505746
I-85,Montgomery,AL,32.36534780128505,-86.24304645443563,4763,1239,446,0.260130170060886
I-40,Yavapai,AZ,35.26735080582713,-112.88375064786062,1065,552,242,0.5183098591549296
I-20,Bienville,LA,32.56306817468733,-93.06588806978887,262,44,13,0.16793893129770993
I-85,Durham,NC,36.03645986792792,-78.87142514411237,885,252,96,0.2847457627118644
I-80,Elko,NV,40.94657096261212,-115.28397054213036,1742,644,247,0.36969001148105624
I-95,Fredericksburg,VA,38.30180072834067,-77.50490519823788,1766,502,206,0.2842582106455266
I-40,Catawba,NC,35.717990258790415,-81.241329213923,770,187,59,0.24285714285714285
I-40,Muskogee,OK,35.48004375,-95.24435224999999,18,8,1,0.4444444444444444
I-84,Gilliam,OR,45.72604655977003,-120.31709191086965,1968,902,428,0.4583333333333333
I-80,Summit,UT,40.8804636070505,-111.43235949790721,4292,1765,785,0.4112301957129543
I-95,Jasper,SC,32.44863552518559,-80.99340306597126,3446,718,216,0.20835751596053395
I-70,Cooper,MO,38.940695427782536,-92.78154332325705,402,120,46,0.29850746268656714
I-70,Mesa,CO,39.172969935043824,-108.41135580143562,1228,508,151,0.41368078175895767
I-35,Freeborn,MN,43.690623838888186,-93.32300129472989,2644,1358,622,0.5136157337367625
I-95,Northampton,NC,36.49218467597028,-77.60063352002261,360,132,46,0.36666666666666664
I-84,Union,OR,45.27327182177717,-118.11186342019762,6432,3350,1505,0.5208333333333334
I-10,Orange,TX,30.121079195121947,-93.84243839024391,188,32,5,0.1702127659574468
I-5,Tehama,CA,40.12626744109526,-122.23501524118568,2011,823,364,0.40924912978617606
I-80,Luzerne,PA,41.04085411553538,-75.99521731336662,1040,488,175,0.46923076923076923
I-64,Goochland,VA,37.75631978803826,-77.82997926777705,2247,836,353,0.372051624388073
I-65,Baldwin,AL,30.97328849966124,-87.77330019230875,550,202,70,0.36727272727272725
I-5,Siskiyou,CA,41.54333496034238,-122.44967069212107,3334,1486,708,0.44571085782843434
I-40,Buncombe,NC,35.56888623743796,-82.54653509753585,3071,718,272,0.23380006512536633
I-84,Naugatuck Valley,CT,41.52865120477217,-73.05811791790283,1252,530,207,0.4233226837060703
I-80,Montour,PA,40.99738160111512,-76.67421383130957,448,156,60,0.3482142857142857
I-70,Millard,UT,38.59522549796262,-112.55475680601145,142,42,18,0.29577464788732394
I-35,Medina,TX,29.138123375000003,-98.89493075,36,10,2,0.2777777777777778
I-65,Shelby,IN,39.366506300552494,-85.94277030902238,354,106,32,0.2994350282485876
I-20,Haralson,GA,33.684555071311046,-85.25710784574002,204,104,31,0.5098039215686274
I-90,Erie,PA,42.066195022423486,-80.09928406616983,1718,798,264,0.46449359720605354
I-20,Talladega,AL,33.5875032839446,-86.07619360613369,942,256,89,0.27176220806794055
I-15,Weber,UT,41.2023165492188,-112.01637619730457,4546,1189,497,0.26154861416630004
I-35,Clay,MO,39.21218065718044,-94.50070342580199,2336,738,305,0.3159246575342466
I-10,Duval,FL,30.311808953770946,-81.79781488031533,2457,778,282,0.31664631664631665
I-5,Shasta,CA,40.74705065347845,-122.34315305097365,4519,1662,735,0.3677804824076123
I-84,Baker,OR,44.64351175854927,-117.579248946818,5966,3210,1389,0.5380489440160912
I-90,Seneca,NY,42.972126514356454,-76.83961043966183,1100,450,189,0.4090909090909091
I-85,Mecklenburg,NC,35.2770345923472,-80.8430296969638,11977,3594,1373,0.30007514402604996
I-75,Catoosa,GA,34.93424653205662,-85.14665226461749,662,214,62,0.32326283987915405
I-90,Ontario,NY,42.980213174226954,-77.22059871732101,3421,1295,512,0.37854428529669687
I-75,Cook,GA,31.20375554174328,-83.45410006919533,244,98,33,0.4016393442622951
I-80,Seward,NE,40.82179094954381,-97.12432613092086,428,154,47,0.3598130841121495
I-75,Kenton,KY,39.05026680959096,-84.55744872301784,2352,616,183,0.2619047619047619
I-40,Faulkner,AR,35.04375990324635,-92.43760384038248,626,212,94,0.33865814696485624
I-80,Salt Lake,UT,40.738367332154006,-111.8825922487044,10409,3446,1512,0.33105965990969355
I-85,Warren,NC,36.490020474890144,-78.23292827948794,639,146,29,0.22848200312989045
I-85,Banks,GA,34.27274641453465,-83.43904508767031,74,22,11,0.2972972972972973
I-10,Lafayette,LA,30.256705968995966,-92.03518081554837,1588,397,123,0.25
I-40,Cumberland,TN,35.957245231739456,-84.93896903633495,1354,368,142,0.2717872968980798
I-84,Summit,UT,41.01087324478874,-111.4836243852571,315,178,73,0.5650793650793651
I-70,St Charles,MO,38.79816215974222,-90.69239059753671,453,24,11,0.052980132450331126
I-40,Wheeler,TX,35.226956666666666,-100.27882899999999,12,0,0,0.0
I-65,Sumner,TN,36.36869016502818,-86.71701048683147,746,288,90,0.38605898123324395
I-10,Dona Ana,NM,32.24042083501722,-106.91197131067547,116,26,13,0.22413793103448276
I-64,York,VA,37.28846418187599,-76.67220330095013,4114,1218,418,0.29606222654350994
I-90,Boone,IL,42.23236035719663,-88.83655868344694,401,155,48,0.3865336658354115
I-20,Midland,TX,31.965649155555557,-102.10356693333333,150,64,19,0.4266666666666667
I-95,Camden,GA,30.919506145753772,-81.65793437589271,294,86,27,0.2925170068027211
I-10,Jackson,FL,30.703841055770454,-85.17365881475612,590,160,53,0.2711864406779661
I-40,Madison,TN,35.65871047964925,-88.85058381796885,646,230,72,0.3560371517027864
I-90,Kane,IL,42.09578092369319,-88.3728147892857,2076,616,185,0.29672447013487474
I-85,Orange,NC,36.05679777957596,-79.09915204884786,1516,458,166,0.3021108179419525
I-20,Richmond,GA,33.50909877552229,-82.0552660669974,167,64,28,0.38323353293413176
I-64,Newport News (City),VA,37.13735785143602,-76.51495964066271,809,231,94,0.28553770086526575
I-90,Norfolk,MA,42.350013142857144,-71.10971628571427,14,4,2,0.2857142857142857
I-40,St. Francis,AR,35.045066112723056,-90.74393819962367,866,312,123,0.36027713625866054
I-85,Harris,GA,32.8657331443121,-85.16680273271224,10,6,3,0.6
I-80,Fulton,OH,41.59263099029126,-84.14357973786406,382,118,33,0.3089005235602094
I-65,Conecuh,AL,31.376660550989204,-87.07059957702894,512,162,50,0.31640625
I-75,Boone,KY,38.96064587636469,-84.63239238578052,1076,400,99,0.37174721189591076
I-90,Winnebago,IL,42.251500166666666,-88.95886294444443,54,22,8,0.4074074074074074
I-35,Daviess,MO,39.90434528,-94.14666711999999,90,44,12,0.4888888888888889
I-90,Williams,OH,41.62011395454546,-84.65233704545454,54,10,3,0.18518518518518517
I-85,DeKalb,GA,33.88415972222222,-84.26530644444445,48,16,5,0.3333333333333333
I-95,Wilson,NC,35.73093599894837,-78.02553596708086,397,131,39,0.32997481108312343
I-10,St James,LA,30.13177823423917,-90.71628241439748,42,8,4,0.19047619047619047
I-40,Duplin,NC,34.902493424944566,-78.04609468079512,267,120,40,0.449438202247191
I-90,Herkimer,NY,43.02672689621499,-74.93708089340227,1642,646,266,0.3934226552984166
I-5,Washington,OR,45.37883421601763,-122.7546685168322,3281,1044,467,0.3181956720512039
I-65,Robertson,TN,36.503560806627284,-86.66064925432627,1473,472,160,0.32043448744059744
I-40,Alamance,NC,36.06592215098116,-79.4030573201607,1742,571,232,0.3277841561423651
I-35,Carlton,MN,46.60898120703678,-92.52950064387478,2050,1134,539,0.5531707317073171
I-95,Fairfax,VA,38.732114923377814,-77.20247454890684,1054,528,236,0.5009487666034156
I-85,Coweta,GA,33.36648834214298,-84.74440073966325,568,204,78,0.3591549295774648
I-65,Jackson,IN,38.90961266188576,-85.84223746295208,1158,330,93,0.2849740932642487
I-40,Williamson,TN,36.03112453239056,-87.17036336636893,332,114,36,0.3433734939759036
I-65,Lowndes,AL,32.10036538858306,-86.4677341103231,1220,270,101,0.22131147540983606
I-64,Clark,KY,38.03347452173913,-84.13840869565217,78,12,4,0.15384615384615385
I-95,Androscoggin,ME,44.06885572,-70.18128944,136,58,22,0.4264705882352941
I-64,St Louis (City),MO,38.63090266510959,-90.25557745543236,96,0,0,0.0
I-20,Gregg,TX,32.43713866201072,-94.82603954662146,116,40,10,0.3448275862068966
I-90,Cuyahoga,OH,41.503647973830674,-81.69027306470936,7113,2174,736,0.30563756502179107
I-95,Florence,SC,34.207281748847656,-79.80101219371956,3850,1200,441,0.3116883116883117
I-90,Olmsted,MN,43.92768980750806,-92.32150409599772,1208,670,321,0.554635761589404
I-10,Suwannee,FL,30.316146917304476,-82.94794839148962,418,124,49,0.2966507177033493
I-15,Mohave,AZ,36.93327903207553,-113.82262799524939,780,286,113,0.36666666666666664
I-64,Richmond City,VA,37.56538805293793,-77.44779531430156,10131,2696,1009,0.2661139078077189
I-70,Lafayette,MO,39.004197246416936,-93.87761816699901,792,238,97,0.3005050505050505
I-40,Cibola,NM,35.07016168681916,-107.54094093930503,626,118,53,0.18849840255591055
I-65,Elmore,AL,32.47154239706025,-86.39647486119264,695,202,78,0.2906474820143885
I-64,St. Charles,MO,38.753851488643875,-90.75573327827377,830,202,65,0.2433734939759036
I-40,Dickson,TN,36.014978470534224,-87.33362169384232,573,184,56,0.32111692844677137
I-35,Oklahoma,OK,35.47933073313404,-97.47103799468236,2062,553,159,0.26818622696411254
I-85,Mecklenburg,VA,36.68181497767934,-78.11864855639914,1492,638,231,0.42761394101876676
I-70,Shawnee,KS,39.05378022423464,-95.76461923532055,424,82,23,0.19339622641509435
I-15,Juab,UT,39.64318932345443,-111.9068982039321,2274,862,381,0.37906772207563766
I-40,St Francis,AR,34.97674939879433,-90.94742112195853,478,162,63,0.3389121338912134
I-40,Crittenden,AR,35.15583085853976,-90.23539349920131,1123,448,170,0.39893143365983974
I-75,Fayette,KY,38.041104016528436,-84.44395472085098,608,158,45,0.2598684210526316
I-64,Raleigh,WV,37.79360958047442,-81.1525444208208,592,276,125,0.46621621621621623
I-95,Chesterfield,VA,37.37239117629265,-77.41174990011257,6014,2357,886,0.39191885600266047
I-10,El Paso,TX,31.750826530415452,-106.36762402493117,6729,1423,451,0.2114727299747362
I-95,Spotsylvania,VA,38.192996192981056,-77.50675615204368,5195,1452,572,0.2794995187680462
I-40,Iredell,NC,35.797694448386174,-80.91443900950583,1169,370,133,0.3165098374679213
I-10,Hancock,MS,30.33743174268474,-89.50957454845755,451,104,33,0.23059866962305986
I-65,Marshall,TN,35.39133548051088,-86.88157196349451,276,92,31,0.3333333333333333
I-65,Jefferson,AL,33.49850263995242,-86.81688611944773,11197,2901,996,0.25908725551487005
I-70,Lincoln,CO,39.270984790330274,-103.54968661377444,408,90,27,0.22058823529411764
I-20,Ward,TX,31.54856185714286,-103.04844992857144,64,4,2,0.0625
I-90,Monroe,WI,43.9594893010122,-90.49822402571344,384,124,33,0.3229166666666667
I-94,Stearns,MN,45.5947578316918,-94.51158500345291,4354,2122,1002,0.4873679375287092
I-35,Pine,MN,46.05113783414155,-92.90815318811465,3053,1626,789,0.5325908942024239
I-40,McDowell,NC,35.641116044238146,-82.10403319576186,976,208,78,0.21311475409836064
I-65,Blount,AL,33.86941128002377,-86.83961580337882,509,164,58,0.32220039292730845
I-94,Eau Claire,WI,44.73939495522661,-91.43923960802051,750,226,79,0.30133333333333334
I-70,Marion,IN,39.77457540140902,-86.13256503945524,9316,3037,1061,0.3259982825246887
I-80,Trumbull,OH,41.173432878921574,-80.76463454553922,683,222,63,0.32503660322108346
I-70,Grand,UT,39.01082938113778,-109.56776441990279,725,234,100,0.32275862068965516
I-95,Bryan,GA,31.924265261287008,-81.33176702800503,222,67,18,0.30180180180180183
I-95,Petersburg,VA,37.21478411284046,-77.38103389688716,1413,508,188,0.359518754423213
I-70,Putnam,IN,39.52520015509095,-86.84735759079074,850,318,108,0.37411764705882355
I-40,Smith,TN,36.16798753760266,-85.95049130246008,554,220,83,0.3971119133574007
I-35,Love,OK,33.8832540950483,-97.13825895328992,130,40,8,0.3076923076923077
I-64,Shelby,KY,38.1864723119945,-85.23228453537189,260,120,32,0.46153846153846156
I-95,Prince George,VA,37.10097211330134,-77.36390123420895,1457,562,217,0.3857240905971174
I-10,Chambers,TX,29.83002081703255,-94.71587742039783,336,90,26,0.26785714285714285
I-85,Petersburg (City),VA,37.208565142675354,-77.40649764874335,42,6,2,0.14285714285714285
I-15,Washington,UT,37.238565944012514,-113.3978177740872,3068,882,357,0.28748370273794005
I-64,St Louis,MO,38.635754989507234,-90.40664833209478,98,0,0,0.0
I-40,Hickman,TN,35.920226419035195,-87.60709463858417,536,209,61,0.38992537313432835
I-90,Madison,NY,43.09463710237464,-75.79234078426825,1382,550,211,0.3979739507959479
I-20,Ector,TX,31.789997827058823,-102.46372649647058,254,70,20,0.2755905511811024
I-40,Bernalillo,NM,35.088009632781656,-106.63673785164791,846,156,64,0.18439716312056736
I-64,Fayette,KY,38.085518691226696,-84.46160138263646,316,88,29,0.27848101265822783
I-10,Maricopa,AZ,33.44059079040095,-112.19758548870703,30392,9592,3817,0.3156093708870755
I-80,Pershing,NV,40.54467301309943,-118.21430211508259,338,116,35,0.3431952662721893
I-70,Eagle,CO,39.63545969272708,-106.53995109577141,4698,2016,652,0.42911877394636017
I-40,Jefferson,TN,36.03589323762073,-83.42121937334659,958,330,125,0.3444676409185804
I-80,Buffalo,NE,40.6856138050401,-99.03707238393558,208,104,29,0.5
I-65,Newton,IN,41.19399048775197,-87.28456956591407,134,50,19,0.373134328358209
I-40,Sevier,TN,35.984947936683554,-83.61214051006095,264,90,32,0.3409090909090909
I-40,Cheatham,TN,36.08063803527255,-87.0923553107677,435,145,54,0.3333333333333333
I-64,St. Louis County,MO,38.63935330062796,-90.43409128449558,3825,850,268,0.2222222222222222
I-94,Wright,MN,45.29923246174164,-93.79550345104829,5344,2394,1095,0.44797904191616766
I-20,Florence,SC,34.199128466769466,-79.85872315623232,70,38,13,0.5428571428571428
I-40,Oklahoma,OK,35.444431655480976,-97.47322347315435,2801,709,223,0.25312388432702604
I-95,Clarendon,SC,33.686487167956535,-80.26431983134518,3352,1096,373,0.3269689737470167
I-95,Liberty,GA,31.73217323204004,-81.38444005168871,197,46,13,0.233502538071066
I-35,Cleveland,OK,35.29544138235294,-97.48871659803922,368,106,28,0.28804347826086957
I-20,Taylor,TX,32.47217382,-99.82063626804877,170,58,16,0.3411764705882353
CA-99,Tulare,CA,36.17202518278297,-119.35781639600627,5463,1983,969,0.3629873695771554
I-90,Columbia,WI,43.50891210696078,-89.52448851460784,287,69,24,0.24041811846689895
I-90,Mower,MN,43.706674492224884,-92.78240594269211,722,386,178,0.5346260387811634
I-40,Fayette,TN,35.33170904985116,-89.54147336052591,528,200,55,0.3787878787878788
I-94,Porter,IN,41.61206038747751,-87.11107436470041,1327,380,142,0.2863602110022607
I-64,White,IL,38.24181170698427,-88.11239665153576,124,70,18,0.5645161290322581
I-84,Hood River,OR,45.69582826437243,-121.65210638892661,1848,602,270,0.32575757575757575
I-80,Venango,PA,41.190474405509995,-79.84695414538987,634,228,64,0.35962145110410093
I-84,Tolland,CT,41.88945286170798,-72.34551019679249,768,268,94,0.3489583333333333
I-40,Burke,NC,35.71839856272761,-81.62338898278303,1240,461,151,0.3717741935483871
I-65,Morgan,AL,34.444437512982944,-86.90124226787864,1057,218,71,0.20624408703878902
I-80,Lancaster,NE,40.857611239986085,-96.69597364866051,308,122,40,0.3961038961038961
I-84,Morgan,UT,41.09828074111861,-111.72873276041264,1910,758,311,0.3968586387434555
I-95,Fredericksburg (City),VA,38.2976095208117,-77.50550148080293,208,60,27,0.28846153846153844
I-94,Grant,MN,46.049407708075194,-95.84092643299446,653,330,160,0.5053598774885145
I-10,Leon,FL,30.49014284090921,-84.24913413417049,528,150,64,0.2840909090909091
I-35,Sumner,KS,37.35638720000001,-97.32940060000001,38,8,2,0.21052631578947367
I-10,St Tammany,LA,30.272542779775108,-89.7471045888795,258,62,22,0.24031007751937986
I-85,Clayton,GA,33.635401550770354,-84.45401271574846,128,54,17,0.421875
I-94,St. Croix,WI,44.94850214148512,-92.47868412611815,960,330,129,0.34375
I-70,Douglas,KS,38.99653985173288,-95.28325756622225,84,32,12,0.38095238095238093
I-95,Orangeburg,SC,33.3790098526289,-80.51925433208679,1552,404,121,0.2603092783505155
I-94,Otter Tail,MN,46.187543613736324,-95.98577017422434,738,358,172,0.48509485094850946
I-70,Jackson,MO,39.058386855905134,-94.43778246967712,12619,4135,1611,0.3276804818131389
I-405,Multnomah,OR,45.51278462060497,-122.68308457150108,2836,782,302,0.2757404795486601
I-94,Ramsey,MN,44.95316088192142,-93.11524007124719,10116,3588,1482,0.35468564650059314
I-75,Hamilton,TN,35.0318535260715,-85.15931734858648,7838,1936,734,0.2470017861699413
I-65,Mobile,AL,30.72174472566839,-88.11048010127118,5328,1546,514,0.29016516516516516
I-20,Reeves,TX,31.267309916666665,-103.79588013888889,148,38,11,0.25675675675675674
I-90,Lorain,OH,41.445491611111116,-82.05274417283951,475,90,31,0.18947368421052632
I-10,Mobile,AL,30.61630897463159,-88.13263936227904,8263,1960,703,0.23720198475130097
I-40,Guilford,NC,36.05631612251192,-79.79262563044009,3552,912,335,0.25675675675675674
I-85,Rowan,NC,35.61538157982679,-80.50017952783601,1631,556,190,0.34089515634580014
I-40,Coconino,AZ,35.19914296827838,-111.709512816387,3752,1696,696,0.4520255863539446
I-10,Ascension,LA,30.223027497178432,-90.92699059019482,1232,322,104,0.26136363636363635
I-80,Hamilton,NE,40.82173153463071,-98.04959870062129,220,80,24,0.36363636363636365
I-10,Guadalupe,TX,29.57909120307898,-97.9609407896205,334,80,18,0.23952095808383234
I-64,James City,VA,37.361037421487154,-76.75138576869678,2076,736,266,0.35452793834296725
I-20,Harrison,TX,32.48320957958334,-94.35371866916665,276,64,19,0.2318840579710145
I-70,Elbert,CO,39.39738952480661,-103.88245152745095,246,94,26,0.3821138211382114
I-95,Darlington,SC,34.255032894736836,-79.75607905263158,44,20,8,0.45454545454545453
I-64,St Charles,MO,38.72747246206827,-90.71760698969199,28,0,0,0.0
I-75,Hamilton,OH,39.187667607954765,-84.48884925371507,11227,3410,1029,0.30373207446334727
I-85,Lee,AL,32.59805685871352,-85.44382896133077,656,177,54,0.2698170731707317
I-10,Pecos,TX,30.88673714242424,-102.7326701187879,140,74,17,0.5285714285714286
I-10,Austin,TX,29.768261491097732,-96.10690452172115,100,40,10,0.4
I-10,Kerr,TX,30.087123714285717,-99.132446,90,18,4,0.2
I-65,Scott,IN,38.70690493655314,-85.80353544812392,716,406,115,0.5670391061452514
I-64,Virginia Beach,VA,36.811178090566045,-76.19622177358488,1622,336,113,0.20715166461159062
I-94,Clay,MN,46.817273698546,-96.65846164707683,378,148,67,0.3915343915343915
I-5,Josephine,OR,42.58247322031601,-123.356143714643,4406,1822,860,0.4135270086246028
I-65,Clark,IN,38.39769109240475,-85.76144407690586,2979,807,296,0.27089627391742194
I-95,Penobscot,ME,44.89391595141727,-68.87834060112527,465,124,44,0.26666666666666666
I-84,Multnomah,OR,45.54544765114472,-122.47734407493681,9575,3373,1391,0.3522715404699739
I-65,Cullman,AL,34.11017081242995,-86.87230380440587,1641,370,127,0.2254722730042657
I-40,Crawford,AR,35.482784863458264,-94.2411900522705,500,166,56,0.332
I-64,Jefferson,KY,38.243624333757694,-85.65308377407256,7823,2147,623,0.2744471430397546
I-95,Southeastern Connecticut,CT,41.376884530206326,-71.99479291184306,546,170,70,0.31135531135531136
I-35,Wyandotte,KS,39.05844708899434,-94.63160350589534,1846,562,226,0.30444203683640303
I-94,Dunn,WI,44.90535953540394,-91.91377041609105,572,186,68,0.32517482517482516
I-40,Quay,NM,35.1398819315785,-103.57710298328726,172,54,17,0.313953488372093
I-85,Oconee,SC,34.49494644256475,-83.00590055409945,948,264,96,0.27848101265822783
I-35,Dakota,MN,44.68245348293384,-93.29073551781053,2879,1082,441,0.3758249392150052
I-5,Jackson,OR,42.26252267890804,-122.82365666439352,9609,3747,1758,0.3899469247580393
I-84,Box Elder,UT,41.78948603491482,-112.37706267794668,1482,660,286,0.44534412955465585
I-80,Cass,IA,41.49720143941352,-94.94766774528098,1056,474,161,0.44886363636363635
I-64,Wayne,IL,38.266019,-88.45775706666667,56,24,6,0.42857142857142855
I-65,Clinton,IN,40.24538483199566,-86.6357379714371,414,116,35,0.28019323671497587
I-35,Jackson,MO,39.09243627673298,-94.5888139095302,4049,1142,413,0.28204494937021485
I-20,Rankin,MS,32.27557509376019,-90.09561007021922,1612,368,147,0.228287841191067
I-10,Orleans,LA,30.00211029750522,-90.03631609282914,14469,5432,2058,0.3754233188195452
I-95,Somerset,ME,44.70213025490196,-69.48480711764707,136,38,14,0.27941176470588236
I-85,Davidson,NC,35.79837577348329,-80.22738781433638,1339,421,146,0.3144137415982076
I-40,Torrance,NM,35.00753619142144,-105.81580890086497,94,40,15,0.425531914893617
I-70,Callaway,MO,38.93673055143511,-91.88616762220917,306,122,51,0.39869281045751637
CA-99,Sutter,CA,38.96504952575041,-121.58582707833787,142,84,30,0.5915492957746479
I-80,Clinton,PA,41.04960027401297,-77.32905117088949,1516,730,266,0.4815303430079156
I-5,Lane,OR,43.97887751262329,-123.03866914545252,5210,2014,923,0.38656429942418424
I-70,Wayne,IN,39.85711192617834,-85.00357898724901,1032,338,122,0.32751937984496127
I-70,Jefferson,CO,39.75068475652614,-105.16328935708067,6738,2055,649,0.304986642920748
I-10,Pima,AZ,32.23213297224428,-110.98228184174711,4151,1175,451,0.28306432185015656
I-20,Martin,TX,32.122193971,-101.818251647,76,28,8,0.3684210526315789
I-65,Davidson,TN,36.179282276907905,-86.76597560468294,19444,5447,1942,0.2801378317218679
I-65,Shelby,AL,33.22469225959956,-86.77977672947506,4118,963,348,0.2338513841670714
I-40,Wake,NC,35.762935266031114,-78.67466969063047,21776,5896,2278,0.27075679647318146
I-40,Forsyth,NC,36.06324239018457,-80.22810616283729,2951,584,191,0.19789901728227718
I-64,Henrico,VA,37.58198948653203,-77.45062434650478,8923,2873,1044,0.3219769135940827
I-20,St Clair,AL,33.58991511030652,-86.3808156009616,233,70,31,0.30042918454935624
I-40,Pulaski,AR,34.80604330017369,-92.26695228967657,1724,690,305,0.40023201856148494
I-75,McMinn,TN,35.4155659123583,-84.69464786541656,1134,404,155,0.3562610229276896
I-40,Benton,TN,35.8671631046366,-87.9905904205649,174,58,22,0.3333333333333333
I-64,Covington,VA,37.77360379487179,-79.98771415384616,136,32,6,0.23529411764705882
I-75,Cheboygan,MI,45.50942957848621,-84.62494492405213,128,8,3,0.0625
I-80,Hall,NE,40.79317164864866,-98.4722178108108,144,36,10,0.25
I-20,Howard,TX,32.25362604527778,-101.45160009249999,134,56,18,0.417910447761194
I-10,St Martin,LA,30.316182877142815,-91.82892201953902,228,134,48,0.5877192982456141
I-70,Emery,UT,38.886484228833396,-110.71514578662817,859,313,134,0.36437718277066355
I-64,Norfolk,VA,36.90384528145454,-76.23729612152158,14200,4476,1629,0.3152112676056338
I-95,Rockingham,NH,43.00184930633803,-70.83186615140845,792,236,85,0.29797979797979796
I-85,Petersburg,VA,37.20667775464685,-77.41302769144981,718,292,111,0.40668523676880225
I-15,Davis,UT,40.99394131901386,-111.94163156302267,12192,3645,1468,0.2989665354330709
I-64,Newport News,VA,37.14507153827916,-76.52080292558836,4045,1242,413,0.30704573547589614
I-80,York,NE,40.82153205016051,-97.5993242499339,244,118,49,0.48360655737704916
I-90,McHenry,IL,42.18589344105386,-88.64184789757628,180,92,33,0.5111111111111111
I-64,Hampton (City),VA,37.049594484301096,-76.40477067397381,512,198,84,0.38671875
I-90,Rock,MN,43.630089180028676,-96.21890968977436,124,74,28,0.5967741935483871
I-75,Whitfield,GA,34.743558385929454,-85.0016565647258,558,206,58,0.36917562724014336
I-5,Clark,WA,45.71368051325149,-122.67291407735088,2881,1098,393,0.3811176674765706
I-10,Hudspeth,TX,31.210502773440325,-105.55385766257706,200,56,18,0.28
I-90,Shoshone,ID,47.48064488834712,-115.86069487877135,436,146,59,0.3348623853211009
I-10,Luna,NM,32.253232213751126,-107.80063816368161,234,70,28,0.29914529914529914
I-35,Carter,OK,34.215861652173906,-97.15920899999998,92,26,8,0.2826086956521739
US-101,San Luis Obispo,CA,35.1759188582869,-120.54109386370959,1825,651,315,0.3567123287671233
I-94,Dane,WI,43.11980149016509,-89.19425923069099,771,234,87,0.3035019455252918
I-5,Douglas,OR,43.206260966618956,-123.3125400139528,9160,3744,1788,0.40873362445414846
I-64,Augusta,VA,38.05350994772386,-79.05225082503868,4180,1264,474,0.30239234449760766
I-40,Haywood,NC,35.63225445386143,-82.96414735092146,2962,1011,380,0.34132343011478733
I-5,Kings,CA,35.94462580024685,-119.92856427583749,1012,403,188,0.39822134387351776
I-90,Oneida,NY,43.12365834367012,-75.41342236049255,1906,828,345,0.43441762854144805
I-95,Western Connecticut,CT,41.09409452426266,-73.45273147782937,18,12,6,0.6666666666666666
I-40,Apache,AZ,35.20644206381976,-109.38509602184813,1421,572,218,0.40253342716396906
I-10,Calcasieu,LA,30.220371231364453,-93.30816385864708,3472,974,313,0.2805299539170507
I-95,St. Johns,FL,29.91808053311826,-81.42353039662012,6259,2103,757,0.33599616552164885
I-75,Rockcastle,KY,37.37156905031476,-84.31156750634204,156,28,9,0.1794871794871795
I-80,Northumberland,PA,41.041164961428734,-76.8232904265219,720,318,76,0.44166666666666665
CA-99,Kern,CA,35.386415982568444,-119.07146625397755,9964,3972,1904,0.3986350863107186
I-20,Richland,SC,34.06459679794089,-80.9965145975895,12155,2759,978,0.2269847799259564
I-94,Washington,MN,44.94994886719091,-92.90674183335433,2858,974,424,0.34079776067179846
I-64,Albemarle,VA,38.0271021546755,-78.58669682305913,5122,1200,452,0.23428348301444749
I-40,Loudon,TN,35.871807175404726,-84.28553569408516,522,104,33,0.19923371647509577
I-94,Douglas,MN,45.89429000269537,-95.46172773017088,2150,1120,544,0.5209302325581395
I-20,Mitchell,TX,32.368851625208336,-100.96980063416667,178,64,16,0.3595505617977528
I-10,Baker,FL,30.259823005200726,-82.18951421082623,506,156,61,0.308300395256917
I-70,Clear Creek,CO,39.72191959085821,-105.67454244993404,3448,1120,368,0.3248259860788863
I-40,Custer,OK,35.521666833333335,-98.78455133333334,24,2,1,0.08333333333333333
I-70,Montgomery,MO,38.88472808028858,-91.44829513739509,548,198,70,0.3613138686131387
I-65,Marion,IN,39.76833899281222,-86.15716536561091,11205,3754,1283,0.335029004908523
I-64,Fayette,WV,37.95968760735204,-81.28856851558957,264,78,39,0.29545454545454547
I-80,Carbon,PA,41.06548516878831,-75.70973179252884,444,232,64,0.5225225225225225
I-40,McKinley,NM,35.44730652064132,-108.52343574734992,760,312,133,0.4105263157894737
I-20,Tuscaloosa,AL,33.17180946961832,-87.42862055856553,3768,1447,552,0.38402335456475584
I-95,Nash,NC,35.973972458951614,-77.88488675067025,1033,294,99,0.2846079380445305
I-35,Harrison,MO,40.38427483321458,-93.98516766916343,100,30,8,0.3
I-15,Utah,UT,40.271330424182786,-111.75828334169225,15958,4669,1895,0.2925805238751723
I-75,Loudon,TN,35.80050839699907,-84.32087821002442,502,172,55,0.3426294820717131
I-95,Middlesex,NJ,40.30886052777778,-74.49186011111112,98,22,10,0.22448979591836735
I-80,Steuben,IN,41.720609276595745,-84.98239072340425,200,102,22,0.51
I-64,Waynesboro,VA,38.054458496062985,-78.92346864566927,366,116,41,0.31693989071038253
I-64,Woodford,KY,38.16110497070648,-84.69267684169937,66,28,5,0.42424242424242425
I-95,Marlboro,SC,34.299720846153846,-79.63370976923076,30,8,4,0.26666666666666666
I-35,Sedgwick,KS,37.611000875,-97.304222,32,12,3,0.375
I-95,Aroostook,ME,46.08465847619048,-68.14404071428572,50,6,2,0.12
I-94,Todd,MN,45.7999808572344,-95.09748208636817,390,222,109,0.5692307692307692
I-84,Ada,ID,43.57631044608085,-116.31701891018176,2096,720,351,0.3435114503816794
I-90,Cayuga,NY,43.050613641031475,-76.59365743955196,1369,498,185,0.36376917457998537
CA-99,Tehama,CA,39.930135392857146,-122.03116764285713,56,26,13,0.4642857142857143
I-84,Canyon,ID,43.63213996002644,-116.59319782195085,1914,840,391,0.438871473354232
I-80,Ottawa,OH,41.46838313333334,-83.30970066666669,50,16,5,0.32
I-64,Greenbrier,WV,37.82282518034972,-80.43625025123677,272,108,44,0.39705882352941174
I-10,St. James,LA,30.124104999999997,-90.6851764137931,106,26,8,0.24528301886792453
I-40,Humphreys,TN,35.877707362609065,-87.8205782157575,466,174,69,0.37339055793991416
I-90,La Crosse,WI,43.87128856259501,-91.20126051536694,222,58,16,0.26126126126126126
I-10,Washington,FL,30.753192986184875,-85.663783932056,212,68,30,0.32075471698113206
I-15,Lewis and Clark,MT,46.87479601913518,-112.06017247616872,1024,492,239,0.48046875
I-94,Jackson,WI,44.33702425688402,-90.8966793728128,412,136,36,0.3300970873786408
I-65,Hendricks,IN,39.922183801467284,-86.33182301031232,50,24,10,0.48
I-35,La Salle,TX,28.363246499322166,-99.26432070390497,256,68,15,0.265625
I-80,Porter,IN,41.57660253658537,-87.06540731707318,144,88,26,0.6111111111111112
I-70,Leavenworth,KS,39.07479359614924,-94.98058122281815,216,98,38,0.4537037037037037
I-35,Butler,KS,37.91785725,-96.79220591666666,48,16,4,0.3333333333333333
I-35,Logan,OK,35.84719050246347,-97.3993777173073,106,10,3,0.09433962264150944
I-40,Beckham,OK,35.30671944444445,-99.62717144444444,42,22,5,0.5238095238095238
I-94,Stark,ND,46.886687346562624,-102.79887763447287,122,60,30,0.4918032786885246
I-64,Cabell,WV,38.415283910788155,-82.30545641241326,1806,692,290,0.3831672203765227
I-10,Reeves,TX,31.04203964222222,-103.85931918777777,68,14,3,0.20588235294117646
I-20,Richland,LA,32.466566048881,-91.78754439254028,74,22,10,0.2972972972972973
I-64,Posey,IN,38.19930543119049,-87.87783285170156,106,68,20,0.6415094339622641
I-94,Trempealeau,WI,44.57837565145369,-91.20317357597975,102,22,5,0.21568627450980393
I-90,Kootenai,ID,47.65480531901916,-116.7100593677897,674,276,105,0.4094955489614243
I-64,Fluvanna,VA,37.99636375129466,-78.30973526315917,140,54,21,0.38571428571428573
I-64,Bath,KY,38.13506463636364,-83.733016,40,22,6,0.55
I-40,Pender,NC,34.51309380860735,-77.89641212577612,455,124,46,0.2725274725274725
I-84,Morrow,OR,45.820034207182715,-119.56324906086506,542,242,114,0.44649446494464945
I-84,Elmore,ID,43.049870755381846,-115.5019577591843,752,440,190,0.5851063829787234
I-90,Martin,MN,43.67179019941892,-94.54646399090981,1024,562,271,0.548828125
I-65,Warren,KY,36.94949149883759,-86.38959492082671,66,24,6,0.36363636363636365
I-94,Custer,MT,46.41811020789221,-105.84265739429874,270,94,45,0.34814814814814815
I-65,Hart,KY,37.30675219109963,-85.90793893679663,150,26,7,0.17333333333333334
I-40,Potter,TX,35.19220096714286,-101.81101167952382,86,32,5,0.37209302325581395
I-64,Perry,IN,38.224860781380556,-86.65879145488542,154,30,8,0.19480519480519481
I-40,Johnson,AR,35.43465752206814,-93.47726546058118,470,162,68,0.3446808510638298
I-70,Sherman,KS,39.3294113,-101.95674540000002,36,16,4,0.4444444444444444
I-20,Newton,MS,32.34107991205167,-89.09600326205519,110,40,13,0.36363636363636365
I-35,Garvin,OK,34.707242055555554,-97.25168833333333,86,18,4,0.20930232558139536
I-90,Monroe,NY,43.04106903706057,-77.6789047083434,1172,586,259,0.5
I-64,Montgomery,KY,38.0770564193713,-83.957974814604,96,16,6,0.16666666666666666
I-40,Okfuskee,OK,35.414015125000006,-96.276937625,28,16,5,0.5714285714285714
I-64,Kanawha,WV,38.33284301980433,-81.65413206200869,3110,986,424,0.3170418006430868
I-70,Ellis,KS,38.887477600000004,-99.2869136,20,12,2,0.6
I-90,Yellowstone,MT,45.75244245519051,-108.48571308622866,2192,948,465,0.4324817518248175
I-15,Clark,ID,44.41409136548076,-112.2375591081492,236,108,39,0.4576271186440678
I-80,Carbon,WY,41.70552033774659,-106.63667019165598,1426,574,231,0.40252454417952316
I-80,Lincoln,NE,41.04868590124047,-100.56313573935245,298,98,27,0.3288590604026846
I-90,Gallatin,MT,45.70553174209234,-111.02151681500769,4264,2016,990,0.4727954971857411
I-35,Payne,OK,36.0595926,-97.34649300000001,16,8,2,0.5
I-80,LaPorte,IN,41.62540588461539,-86.8153377596154,352,190,63,0.5397727272727273
I-40,Oldham,TX,35.22677812210526,-102.3463968031579,52,48,18,0.9230769230769231
I-90,Dane,WI,43.07356494680862,-89.27272310641052,20,6,2,0.3
I-35,Murray,OK,34.453551454545455,-97.14202872727273,42,10,4,0.23809523809523808
I-40,Decatur,TN,35.83460952896347,-88.10293433529596,40,14,4,0.35
I-80,Churchill,NV,39.840866734431344,-118.9319026339715,196,116,45,0.5918367346938775
I-90,Stillwater,MT,45.64647732840722,-109.21628956823567,1486,796,380,0.5356662180349933
I-40,Monroe,AR,34.89864642526851,-91.22277333851893,366,94,34,0.2568306010928962
I-64,Scott,KY,38.157808777777774,-84.61231233333334,46,18,3,0.391304347826087
I-64,Dubois,IN,38.20625586821254,-86.84164875813424,78,16,5,0.20512820512820512
I-84,Windham,CT,41.95404925,-72.19985274999999,16,6,2,0.375
I-35,DeKalb,MO,39.75482766666667,-94.21956266666666,10,0,0,0.0
I-64,Spencer,IN,38.19845705778344,-86.9302391840597,80,22,5,0.275
I-40,Prairie,AR,34.83181454497485,-91.49856576138745,772,314,117,0.4067357512953368
I-20,DeKalb,GA,33.7094557755102,-84.19248730612246,284,122,43,0.4295774647887324
I-94,Stutsman,ND,46.886276895577595,-98.9424963546001,226,118,58,0.5221238938053098
I-80,Uinta,WY,41.32545826122482,-110.57193176850853,960,500,194,0.5208333333333334
I-40,Santa Fe,NM,35.06200378571429,-106.1867607857143,44,6,2,0.13636363636363635
I-84,Payette,ID,43.883563795489465,-116.80658702857912,286,178,67,0.6223776223776224
I-65,Simpson,KY,36.7004984234809,-86.53247843626606,34,14,6,0.4117647058823529
I-70,Russell,KS,38.85703,-98.66773066666667,14,12,2,0.8571428571428571
I-64,Nelson,VA,38.03710892248995,-78.84140804959242,186,36,15,0.1935483870967742
I-80,Sussex,NJ,40.91597407692307,-74.76812238461538,36,20,6,0.5555555555555556
I-10,Sutton,TX,30.584936111111112,-100.67301333333334,38,0,0,0.0
I-94,Racine,WI,42.77594688575938,-87.95314851404547,282,104,26,0.36879432624113473
I-64,Crawford,IN,38.24225176438514,-86.42223469576321,162,34,13,0.20987654320987653
I-90,Sheridan,WY,44.692056586449624,-106.91387939587216,122,54,19,0.4426229508196721
I-75,Mackinac,MI,45.88372573674893,-84.72023673420355,50,0,0,0.0
I-64,Wayne,WV,38.39269732753511,-82.5447592980308,118,56,25,0.4745762711864407
I-35,Chase,KS,38.19254675,-96.45854775,16,10,2,0.625
I-80,Laramie,WY,41.12539171436567,-104.78354818149695,768,356,98,0.4635416666666667
I-70,Trego,KS,39.008972166666666,-99.91972116666666,30,16,2,0.5333333333333333
I-35,Kay,OK,36.85111491666667,-97.34648975,68,34,6,0.5
I-40,Seminole,OK,35.38424017848551,-96.59557750119819,48,6,3,0.125
I-20,McDuffie,GA,33.5007815,-82.5830775,6,6,2,1.0
I-15,Jefferson,ID,43.85345351266037,-112.19123629046395,38,10,4,0.2631578947368421
I-64,Rowan,KY,38.1912358125,-83.5266315625,54,12,2,0.2222222222222222
I-70,Geary,KS,39.04314959179379,-96.73100293503627,22,8,4,0.36363636363636365
I-90,Lincoln,WA,47.33040164384871,-117.94261206484866,76,30,7,0.39473684210526316
I-35,Lyon,KS,38.41070744444445,-96.22395466666666,32,2,1,0.0625
I-10,Crockett,TX,30.7030395,-101.2173755,10,0,0,0.0
I-35,Cooke,TX,33.567082666666664,-97.15598466666667,24,8,2,0.3333333333333333
I-90,Big Horn,MT,45.432587143560376,-107.54109871112539,1250,530,252,0.424
I-35,Noble,OK,36.49519425,-97.3374,24,24,4,1.0
I-15,Bannock,ID,42.81118863861011,-112.35183696330759,518,178,76,0.3436293436293436
I-95,Chatham,GA,32.106494604651154,-81.2371374767442,312,88,22,0.28205128205128205
I-10,DoÔøΩa Ana,NM,32.276125666666665,-106.78703216666666,22,4,2,0.18181818181818182
I-80,Madison,IA,41.496477199999994,-94.22760930000001,60,26,9,0.43333333333333335
US-101,Grays Harbor,WA,46.971182406666664,-123.80653312,6,0,0,0.0
I-90,Campbell,WY,44.24809188721591,-105.67953330580585,58,40,14,0.6896551724137931
I-40,Carroll,TN,35.81875498870588,-88.2388077980797,44,12,4,0.2727272727272727
I-40,McIntosh,OK,35.45925675000001,-95.55733025,10,0,0,0.0
I-64,Gibson,IN,38.16829637490643,-87.51454380769057,42,12,3,0.2857142857142857
I-90,Porter,IN,41.574975333333335,-87.09066116666668,56,28,5,0.5
I-70,Carroll,MD,39.359720411000445,-77.16228852200075,78,8,2,0.10256410256410256
I-90,Sweet Grass,MT,45.76658767967114,-109.91869913357388,708,294,144,0.4152542372881356
I-94,Kidder,ND,46.874922699302246,-99.6778116537903,218,106,53,0.48623853211009177
I-15,Cascade,MT,47.34441293555755,-111.64643853690839,576,276,138,0.4791666666666667
I-64,Boyd,KY,38.378294454545454,-82.62103827272728,32,8,4,0.25
US-101,Del Norte,CA,41.68984718476996,-124.11472654183734,38,12,6,0.3157894736842105
I-90,Johnson,WY,44.34539390263983,-106.45991152347264,88,46,17,0.5227272727272727
I-80,Sierra,CA,39.45731801896106,-120.00715356053854,84,14,7,0.16666666666666666
I-90,Powell,MT,46.49954800838491,-112.82215895820345,758,528,260,0.6965699208443272
I-94,Rosebud,MT,46.2646844322902,-106.56504597139073,372,104,49,0.27956989247311825
I-94,Yellowstone,MT,45.96873322186813,-108.02817864215329,506,268,131,0.5296442687747036
I-90,Mineral,MT,47.25222842358633,-115.1131011978691,2728,1486,696,0.5447214076246334
I-35,Atascosa,TX,29.221271999999995,-98.795303,4,4,1,1.0
I-90,Jefferson,MT,45.90006183039626,-112.07441127070864,1502,752,370,0.5006657789613849
I-80,Butler,PA,41.170780814402946,-79.71133470643153,32,18,9,0.5625
I-75,Monroe,TN,35.61587455511718,-84.49857466015276,88,34,12,0.38636363636363635
I-94,Sauk,WI,43.577194500000004,-89.76594579999998,36,6,2,0.16666666666666666
I-94,Juneau,WI,43.77720204545455,-90.01011186363635,76,34,8,0.4473684210526316
I-15,Jefferson,MT,46.33230991857255,-112.12478767530726,884,430,211,0.48642533936651583
I-65,Edmonson,KY,37.069461,-86.09147800000002,2,0,0,0.0
I-15,Bonneville,ID,43.48131224897713,-112.08471901812918,114,20,10,0.17543859649122806
I-90,Pennington,SD,44.07082038525059,-102.59054615679504,20,0,0,0.0
I-90,Minnehaha,SD,43.60856777777778,-96.7115861111111,32,8,4,0.25
I-15,Toole,MT,48.722767518446645,-111.90753934032428,142,48,22,0.3380281690140845
I-40,Washita,OK,35.42437,-99.27215,8,8,1,1.0
I-15,Beaverhead,MT,44.9404383140636,-112.65653543837931,344,168,82,0.4883720930232558
I-90,Missoula,MT,46.89138502152769,-114.00204619430315,2270,1224,593,0.5392070484581498
I-95,Effingham,GA,32.23482575,-81.152252125,38,20,3,0.5263157894736842
I-15,Bingham,ID,43.21535270271894,-112.32702226208829,354,138,57,0.3898305084745763
I-94,Wibaux,MT,46.98309861644392,-104.18345787320432,56,20,10,0.35714285714285715
I-15,Silver Bow,MT,45.92864791654183,-112.59547828361603,548,296,143,0.5401459854014599
I-90,Aurora,SD,43.727889600306185,-98.75517731128028,4,0,0,0.0
I-90,LaGrange,IN,41.75129416666667,-85.43730966666665,36,16,2,0.4444444444444444
I-84,Jerome,ID,42.61457762453924,-114.27564174230837,540,188,85,0.34814814814814815
I-90,Jackson,SD,43.84707,-101.7952495,10,2,1,0.2
I-64,Summers,WV,37.795723873869754,-80.85454831127356,176,24,10,0.13636363636363635
I-15,Oneida,ID,42.256096892436595,-112.2216291387672,146,100,44,0.684931506849315
I-90,LaPorte,IN,41.65336053846154,-86.7537026923077,78,20,3,0.2564102564102564
I-64,Vanderburgh,IN,38.16659274580339,-87.61872237409288,42,26,10,0.6190476190476191
I-70,Wabaunsee,KS,39.06448975204091,-96.27604348664856,50,10,2,0.2
I-35,Clinton,MO,39.54021878074764,-94.28348991265098,42,4,1,0.09523809523809523
I-15,Teton,MT,47.84465485185184,-111.70413185185186,60,30,15,0.5
I-95,Emporia (City),VA,36.69778831201373,-77.55179356604805,50,4,2,0.08
I-84,Cassia,ID,42.361026025276786,-113.25305409180115,232,120,54,0.5172413793103449
I-90,Granite,MT,46.64935591669631,-113.11621319733315,198,126,63,0.6363636363636364
I-94,Burleigh,ND,46.83614463959792,-100.57901013062293,198,82,41,0.41414141414141414
I-94,Prairie,MT,46.81465226049538,-105.20342109809457,106,44,21,0.41509433962264153
I-94,Morton,ND,46.85465257506194,-101.28026572645605,410,176,88,0.4292682926829268
I-90,Deer Lodge,MT,46.14670479934334,-112.78445493092471,338,194,94,0.5739644970414202
I-70,Saline,KS,38.8759432850115,-97.70672124128924,38,20,7,0.5263157894736842
I-84,Gooding,ID,42.875518040231626,-114.88758437669878,142,72,24,0.5070422535211268
I-90,Broadwater,MT,45.916956133052885,-111.59234991504235,112,48,21,0.42857142857142855
I-90,Silver Bow,MT,45.97818663170999,-112.56173601926481,650,292,143,0.4492307692307692
I-94,Barnes,ND,46.90959431372266,-98.0798276023898,374,240,120,0.6417112299465241
I-35,Franklin,KS,38.660258662366566,-95.15725073676384,18,8,4,0.4444444444444444
I-94,Treasure,MT,46.21012579473885,-107.24919924197775,290,96,48,0.3310344827586207
I-75,Emmet,MI,45.784345367389584,-84.73262145803479,24,0,0,0.0
I-84,Oneida,ID,42.1447809881004,-112.97835114393472,20,10,5,0.5
I-84,Hampden,MA,42.030702999999995,-72.13603800000003,6,4,2,0.6666666666666666
I-15,Pondera,MT,48.19212782509054,-111.911435966967,72,40,19,0.5555555555555556
I-94,Wilkin,MN,46.54153184175153,-96.3090028351261,26,14,7,0.5384615384615384
I-20,Walton,GA,33.60903086687468,-83.69671926843692,6,4,2,0.6666666666666666
I-75,Crawford,GA,32.693652,-83.73774166666665,6,0,0,0.0
I-90,Park,MT,45.6723209882907,-110.58049367364272,2278,1328,640,0.5829675153643546
I-35,Frio,TX,28.82195944444445,-99.12401,24,2,1,0.08333333333333333
I-94,Dawson,MT,47.03374674659525,-104.73061408817837,310,130,65,0.41935483870967744
I-94,Cass,ND,46.86221327961026,-96.99303314408279,782,298,146,0.38107416879795397
I-90,Crook,WY,44.389479591499914,-104.4881273419031,52,16,7,0.3076923076923077
I-15,Madison,MT,45.5684997767933,-112.68848753045563,14,8,4,0.5714285714285714
I-64,Charlottesville,VA,38.012717499999994,-78.470965,4,0,0,0.0
I-64,Charlottesville (City),VA,38.012786,-78.471135,2,0,0,0.0
I-35,Miami,KS,38.730864714285715,-95.0280352857143,28,0,0,0.0
I-75,Desoto,FL,27.035204,-82.057509,4,0,0,0.0
I-94,Billings,ND,46.91256996419174,-103.46142364011256,44,24,12,0.5454545454545454
I-35,Dekalb,MO,39.761438999999996,-94.21769474999999,8,6,3,0.75
I-70,Baltimore (City),MD,39.301669832055644,-76.7096110695728,18,6,3,0.3333333333333333
I-80,Storey,NV,39.617942,-119.293543,2,2,1,1.0
I-40,Donley,TX,35.182216333333336,-100.94946800000001,12,0,0,0.0
I-95,Richmond (City),VA,37.53705382329208,-77.42884039841924,12,4,2,0.3333333333333333
I-10,Nassau,FL,30.281886333333333,-82.047455,12,10,2,0.8333333333333334
I-84,Minidoka,ID,42.57021663199089,-113.80543164672996,72,18,9,0.25
I-90,Meade,SD,44.199132,-103.34974500000001,4,0,0,0.0
I-64,Covington (City),VA,37.7745473383056,-79.98363375625615,10,0,0,0.0
I-94,Golden Valley,ND,46.94339759985584,-103.80531944118722,26,20,10,0.7692307692307693
I-95,South Central Connecticut,CT,41.26489305274481,-72.98351882163931,20,12,6,0.6
I-90,Ottawa,OH,41.461522,-83.290157,2,0,0,0.0
I-35,Caldwell,MO,39.788964,-94.205314,2,0,0,0.0
I-90,Brule,SD,43.737995272189664,-98.90302522293183,36,0,0,0.0
I-90,McCook,SD,43.66605533333333,-97.34903733333334,10,4,1,0.4
I-35,Coffey,KS,38.42667663571539,-95.75078630096904,14,2,1,0.14285714285714285
I-70,Riley,KS,39.068623,-96.490124,2,0,0,0.0
I-75,DeSoto,FL,27.034171,-82.057518,2,2,1,1.0
I-70,Logan,KS,39.13114,-100.81841,8,8,1,1.0
I-40,Okmulgee,OK,35.431975,-95.97123500000001,4,0,0,0.0
I-95,Waldo,ME,44.687227,-69.47355675,10,4,2,0.4
I-90,Hanson,SD,43.69483,-97.95223,8,0,0,0.0
I-90,Jones,SD,43.88756,-100.88398,2,0,0,0.0
I-10,Gillespie,TX,30.135275,-99.229895,2,0,0,0.0
